Frequency (Hz),Trace 1: Impedance: Real (Ω),Trace 1: Impedance: Imaginary (Ω),Trace 1: Impedance: Magnitude (Ω),Trace 2: Impedance: Real (Ω),Trace 2: Impedance: Imaginary (Ω),Trace 2: Impedance: Phase (°)
10,-526696.169027055,-12956487.1505098,12967188.1352818,-526696.169027055,-12956487.1505098,-92.3278579110834
10.191839,-290764.737126501,-12289789.5190274,12293228.6464684,-290764.737126501,-12289789.5190274,-91.3553108359298
10.387359,-93564.4075605307,-11688420.9734907,11688795.4534203,-93564.4075605307,-11688420.9734907,-90.458636044864
10.58663,-1282937.33737169,-12372656.2485422,12438993.1608717,-1282937.33737169,-12372656.2485422,-95.9199200071691
10.789723,-381276.366760009,-12481940.3791451,12487762.3014046,-381276.366760009,-12481940.3791451,-91.7496266839866
10.996713,-851193.887279285,-11528382.2723796,11559763.3562222,-851193.887279285,-11528382.2723796,-94.2227505252114
11.207673,253464.676208312,-11711580.6931048,11714323.1419144,253464.676208312,-11711580.6931048,-88.760185337197
11.42268,-521793.239268527,-11207162.9851598,11219303.4703801,-521793.239268527,-11207162.9851598,-92.6657037035679
11.641812,-179597.955242717,-11609912.5809222,11611301.6308329,-179597.955242717,-11609912.5809222,-90.8862585373703
11.865148,-579771.627010348,-11746298.3434153,11760597.7701819,-579771.627010348,-11746298.3434153,-92.8257013535458
12.092769,236748.089462502,-11061365.4858518,11063898.773464,236748.089462502,-11061365.4858518,-88.7738769124975
12.324756,774265.553564337,-11149838.1683945,11176689.0593245,774265.553564337,-11149838.1683945,-86.0276511581102
12.561193,27015.0877907211,-10700991.2581029,10701025.3583927,27015.0877907211,-10700991.2581029,-89.8553547808839
12.802167,802653.135414007,-11808104.1309132,11835352.771349,802653.135414007,-11808104.1309132,-86.1113146478598
13.047763,-293464.992875407,-11483015.1277132,11486764.4759233,-293464.992875407,-11483015.1277132,-91.4639575165394
13.29807,513581.470541462,-9953124.06380775,9966365.66439504,513581.470541462,-9953124.06380775,-87.0461559690908
13.55318,253563.480333347,-10777944.0132413,10780926.2863227,253563.480333347,-10777944.0132413,-88.652299752609
13.813183,364298.046006958,-10193441.7819297,10199949.4326156,364298.046006958,-10193441.7819297,-87.953207436481
14.078175,141810.06245763,-9930207.35252398,9931219.87260052,141810.06245763,-9930207.35252398,-89.1818332174512
14.34825,-280376.353523869,-9535951.78713275,9540072.71388094,-280376.353523869,-9535951.78713275,-91.6841271202892
14.623506,170101.015726218,-9239075.82755545,9240641.56338025,170101.015726218,-9239075.82755545,-88.945244145545
14.904042,-85274.3846993004,-9659178.45288056,9659554.86061744,-85274.3846993004,-9659178.45288056,-90.5058127293082
15.189961,92260.3278855776,-9729286.49912865,9729723.92980544,92260.3278855776,-9729286.49912865,-89.456695106447
15.481364,16766.9876350713,-9175213.54435903,9175228.86452778,16766.9876350713,-9175213.54435903,-89.8952965451311
15.778358,36523.6700896615,-8551864.23647986,8551942.22955582,36523.6700896615,-8551864.23647986,-89.755300205038
16.081049,342265.75043314,-9128045.09499819,9134459.65015118,342265.75043314,-9128045.09499819,-87.8526398504884
16.389547,488895.547941309,-8757671.81172958,8771307.4520712,488895.547941309,-8757671.81172958,-86.8047892411126
16.703963,456298.976991943,-8510004.58044174,8522228.97577525,456298.976991943,-8510004.58044174,-86.9307896722839
17.024411,-193060.672663591,-8484270.09919774,8486466.37532195,-193060.672663591,-8484270.09919774,-91.3035479760238
17.351007,27059.5073544794,-8187561.0567587,8187605.77184136,27059.5073544794,-8187561.0567587,-89.810640810913
17.683867,664438.998464966,-8326291.24600711,8352760.32794045,664438.998464966,-8326291.24600711,-85.4374586606899
18.023114,43917.2461835696,-7982573.34669749,7982694.15422622,43917.2461835696,-7982573.34669749,-89.6847824181779
18.368868,512986.086059956,-7752503.93360691,7769457.63648157,512986.086059956,-7752503.93360691,-86.2142357406306
18.721256,516933.572804295,-7803434.16224918,7820537.38839281,516933.572804295,-7803434.16224918,-86.2100146470274
19.080403,356374.117190349,-7302257.43107516,7310948.37220833,356374.117190349,-7302257.43107516,-87.2059948145436
19.446441,226069.027182249,-7506848.67437879,7510251.94151792,226069.027182249,-7506848.67437879,-88.2750568009782
19.8195,147118.871706107,-7060698.59657018,7062231.13711384,147118.871706107,-7060698.59657018,-88.8063403678098
20.199717,460054.384970535,-7062120.24337783,7077089.25823728,460054.384970535,-7062120.24337783,-86.2727932622835
20.587227,180029.846737999,-6679141.14314323,6681566.96858942,180029.846737999,-6679141.14314323,-88.4560210265516
20.982171,383481.737712374,-6569692.13203509,6580874.78629419,383481.737712374,-6569692.13203509,-86.6593591844815
21.384692,114288.684703331,-6730342.44442331,6731312.74883712,114288.684703331,-6730342.44442331,-89.0271475741353
21.794935,152587.249939748,-6753090.51826561,6754814.16596586,152587.249939748,-6753090.51826561,-88.7056121876326
22.213048,205632.127809956,-6540101.8293097,6543333.74586133,205632.127809956,-6540101.8293097,-88.1991147508309
22.639182,158403.023132978,-6514358.71505874,6516284.29292334,158403.023132978,-6514358.71505874,-88.6070713981486
23.073491,340713.614980275,-6091079.39500568,6100601.11494725,340713.614980275,-6091079.39500568,-86.7984114361929
23.516131,482264.606858523,-6059007.16447985,6078169.70561423,482264.606858523,-6059007.16447985,-85.4491561419035
23.967263,218767.188565001,-6051606.21391357,6055559.16914945,218767.188565001,-6051606.21391357,-87.9296437574513
24.42705,179433.888734417,-5771184.9529412,5773973.69941025,179433.888734417,-5771184.9529412,-88.219170965854
24.895657,144883.418279659,-5623227.06852562,5625093.2320355,144883.418279659,-5623227.06852562,-88.5240908616759
25.373254,265203.053241863,-5815563.23279863,5821607.02676916,265203.053241863,-5815563.23279863,-87.3889896560884
25.860014,124852.615420336,-5703548.25148673,5704914.62097503,124852.615420336,-5703548.25148673,-88.7459761341759
26.356111,165637.188037005,-5440395.21654853,5442916.11090093,165637.188037005,-5440395.21654853,-88.2561228147735
26.861725,103884.903551418,-5453526.84806707,5454516.21647367,103884.903551418,-5453526.84806707,-88.9086976375612
27.377039,-6030.1685565168,-5430530.73459311,5430534.0826012,-6030.1685565168,-5430530.73459311,-90.0636223387586
27.902239,82289.2701381512,-5155138.26155638,5155794.99395994,82289.2701381512,-5155138.26155638,-89.0854896128428
28.437514,117098.572433102,-5233476.67546281,5234786.54658231,117098.572433102,-5233476.67546281,-88.7182259314689
28.983058,184995.415359514,-4984497.43323233,4987929.22620237,184995.415359514,-4984497.43323233,-87.8744910772298
29.539067,168795.97073007,-5100841.81103827,5103633.92701425,168795.97073007,-5100841.81103827,-88.1046719031426
30.105743,201983.70372915,-4794792.34587108,4799044.80668768,201983.70372915,-4794792.34587108,-87.5878047241198
30.68329,102183.169501558,-4830787.77319902,4831868.36635877,102183.169501558,-4830787.77319902,-88.788232545229
31.271917,329120.200893253,-4604895.5739706,4616641.99974506,329120.200893253,-4604895.5739706,-85.9119186710152
31.871835,223462.185553188,-4576090.17941395,4581543.04557984,223462.185553188,-4576090.17941395,-87.2043213659695
32.483263,83946.3715084287,-4555950.57250244,4556723.89029385,83946.3715084287,-4555950.57250244,-88.9444072068772
33.10642,251890.751528055,-4563758.04410435,4570704.15098511,251890.751528055,-4563758.04410435,-86.8408385558032
33.741532,66919.1660654063,-4483594.30615097,4484093.67396983,66919.1660654063,-4483594.30615097,-89.1449045448994
34.388828,100128.404815273,-4362266.48574158,4363415.47300679,100128.404815273,-4362266.48574158,-88.6851037566084
35.048541,179752.961279638,-4239317.7996066,4243126.97584578,179752.961279638,-4239317.7996066,-87.5720337548382
35.720911,27830.0506168971,-4136184.34554297,4136277.97083707,27830.0506168971,-4136184.34554297,-89.6144948462711
36.406179,150550.728447415,-4196789.01548721,4199488.48817926,150550.728447415,-4196789.01548721,-87.9455188130338
37.104593,111916.297460853,-3951712.11373374,3953296.58480961,111916.297460853,-3951712.11373374,-88.3777619045274
37.816406,231490.379073199,-3959929.84581774,3966690.33066631,231490.379073199,-3959929.84581774,-86.6543993194057
38.541874,356900.043939362,-3996460.39190427,4012365.05136603,356900.043939362,-3996460.39190427,-84.8967932773731
39.281259,-24485.6774518489,-3875208.79041547,3875286.14655919,-24485.6774518489,-3875208.79041547,-90.3620210891058
40.034829,353998.866874699,-3741849.7835892,3758557.56916069,353998.866874699,-3741849.7835892,-84.5956000145157
40.802855,-81162.8378544939,-3627225.47964105,3628133.41629079,-81162.8378544939,-3627225.47964105,-91.2818370984515
41.585615,207649.583022026,-3789984.11019163,3795668.30806306,207649.583022026,-3789984.11019163,-86.8639548244855
42.383391,335819.349382789,-3770003.39642838,3784930.67895588,335819.349382789,-3770003.39642838,-84.9097175810514
43.196472,304848.623435137,-3503194.43905416,3516433.41484384,304848.623435137,-3503194.43905416,-85.0266391069871
44.02515,186279.305069871,-3534887.30909482,3539792.12207397,186279.305069871,-3534887.30909482,-86.983452715476
44.869727,11648.9931143765,-3313609.02667842,3313629.50263382,11648.9931143765,-3313609.02667842,-89.7985775068476
45.730505,345099.761898524,-3273697.11270106,3291836.36157232,345099.761898524,-3273697.11270106,-83.9823380127662
46.607797,-13554.1814342267,-3247686.01159929,3247714.29558883,-13554.1814342267,-3247686.01159929,-90.2391219099637
47.501918,268155.37352996,-3229243.29924949,3240357.94166335,268155.37352996,-3229243.29924949,-85.2530670130491
48.413193,185252.055118541,-3035910.77517791,3041557.58761313,185252.055118541,-3035910.77517791,-86.5081264898237
49.341949,57022.0934059057,-2926681.76047925,2927237.20362022,57022.0934059057,-2926681.76047925,-88.8838171541293
50.288522,93536.5523394564,-2925114.09185374,2926609.2217761,93536.5523394564,-2925114.09185374,-88.1684734468426
51.253255,192494.763139652,-2827459.21187734,2834004.20406643,192494.763139652,-2827459.21187734,-86.1052860271395
52.236494,314575.131359787,-2908093.77938708,2925058.4512074,314575.131359787,-2908093.77938708,-83.8261906892673
53.238597,116314.030856103,-2953574.39098272,2955863.77169905,116314.030856103,-2953574.39098272,-87.7448134746849
54.259923,112379.579774323,-2729523.63893626,2731836.09784008,112379.579774323,-2729523.63893626,-87.64235744254
55.300843,138607.908926675,-2816891.60813434,2820299.71534848,138607.908926675,-2816891.60813434,-87.1829771701587
56.361731,252682.786530645,-2651831.76677451,2663843.1466367,252682.786530645,-2651831.76677451,-84.5569405296507
57.442972,76900.3795738068,-2610457.14776035,2611589.59039733,76900.3795738068,-2610457.14776035,-88.3126352719922
58.544955,70496.997681952,-2605153.53322288,2606107.20392424,70496.997681952,-2605153.53322288,-88.4499205571531
59.668078,58568.2788715185,-2599797.08189544,2600456.71187236,58568.2788715185,-2599797.08189544,-88.7094578647461
60.812747,66465.0438259608,-2522404.54745371,2523280.0682972,66465.0438259608,-2522404.54745371,-88.4906126535657
61.979376,113757.971085098,-2439927.32214557,2442577.78040697,113757.971085098,-2439927.32214557,-87.330602846163
63.168385,157457.099677507,-2372821.6273886,2378040.20437879,157457.099677507,-2372821.6273886,-86.203498861327
64.380204,218544.435214678,-2424612.50523529,2434441.92181836,218544.435214678,-2424612.50523529,-84.8495161764309
65.615271,109568.330066743,-2344156.78822136,2346716.06009715,109568.330066743,-2344156.78822136,-87.3238833091088
66.87403,156594.425661311,-2304531.07854715,2309845.29917869,156594.425661311,-2304531.07854715,-86.1126891247539
68.156938,65782.9410919787,-2231550.7689119,2232520.15210837,65782.9410919787,-2231550.7689119,-88.3114909377783
69.464458,159397.920879981,-2239416.82075631,2245082.49163971,159397.920879981,-2239416.82075631,-85.9286491984658
70.79706,162372.231916462,-2172717.85335852,2178776.63196584,162372.231916462,-2172717.85335852,-85.7260984882191
72.155227,151940.206133718,-2122600.54889159,2128031.70004463,151940.206133718,-2122600.54889159,-85.9056313917479
73.539449,98260.7847579958,-2067431.61884957,2069765.36845127,98260.7847579958,-2067431.61884957,-87.2788967800553
74.950226,103183.8570361,-2049467.54303401,2052063.38067388,103183.8570361,-2049467.54303401,-87.1177821741243
76.388068,143870.706866341,-1998455.95154029,2003627.9521261,143870.706866341,-1998455.95154029,-85.8823271648796
77.853492,126007.58280858,-1992986.21505614,1996965.68932194,126007.58280858,-1992986.21505614,-86.3822602166694
79.34703,125664.905950819,-1949240.42719208,1953286.95065205,125664.905950819,-1949240.42719208,-86.3113228865459
80.869219,106359.034870867,-1927713.97863371,1930645.85766486,106359.034870867,-1927713.97863371,-86.8419840404835
82.42061,116531.933987003,-1867296.79745359,1870929.45388627,116531.933987003,-1867296.79745359,-86.4289874055148
84.001763,98771.0241815576,-1885571.02030315,1888156.18734917,98771.0241815576,-1885571.02030315,-87.0014413941943
85.613248,102770.985826998,-1792938.53584219,1795881.5297329,102770.985826998,-1792938.53584219,-86.71940367068
87.255648,111522.566670392,-1795092.51045876,1798553.41982992,111522.566670392,-1795092.51045876,-86.4449907159491
88.929556,90166.8650195965,-1761479.73721396,1763785.96438537,90166.8650195965,-1761479.73721396,-87.0696933929399
90.635576,102426.351005268,-1742193.24540933,1745201.55332562,102426.351005268,-1742193.24540933,-86.6353617115326
92.374324,108814.590804296,-1709230.07609067,1712690.30130518,108814.590804296,-1709230.07609067,-86.3572988729807
94.146428,111661.746197442,-1648718.34296509,1652495.24053578,111661.746197442,-1648718.34296509,-86.1254802647341
95.952529,95984.6553867974,-1637897.7099689,1640707.7626412,95984.6553867974,-1637897.7099689,-86.6461684299054
97.793277,84465.1251657546,-1609836.12416049,1612050.46571791,84465.1251657546,-1609836.12416049,-86.9965504295203
99.669338,97188.556193246,-1561881.79494971,1564902.66689346,97188.556193246,-1561881.79494971,-86.4393440596029
101.581389,105526.875052758,-1532123.22199526,1535753.06893248,105526.875052758,-1532123.22199526,-86.0599052325598
103.530121,89206.1335357444,-1517206.72446147,1519826.95693013,89206.1335357444,-1517206.72446147,-86.6350943981761
105.516238,109799.825581827,-1490443.99560017,1494482.95598123,109799.825581827,-1490443.99560017,-85.7866765380162
107.540456,90365.3768506303,-1461734.18156505,1464524.74164454,90365.3768506303,-1461734.18156505,-86.4624389259133
109.603507,96113.1728994853,-1432568.80595411,1435789.37375842,96113.1728994853,-1432568.80595411,-86.1616930803328
111.706134,82755.3968785145,-1417257.46501728,1419671.50350344,82755.3968785145,-1417257.46501728,-86.658223874293
113.849099,84565.8990404791,-1384173.66757183,1386754.5324533,84565.8990404791,-1384173.66757183,-86.5038678098973
116.033174,95861.0297582208,-1360153.59502276,1363527.46179886,95861.0297582208,-1360153.59502276,-85.9685689035187
118.259149,88491.2500700879,-1337345.11314815,1340269.61951699,88491.2500700879,-1337345.11314815,-86.2142944553236
120.527826,85763.2367435038,-1301629.79837576,1304452.17037515,85763.2367435038,-1301629.79837576,-86.2302806932869
122.840026,87246.2209210268,-1272620.35308097,1275607.48905803,87246.2209210268,-1272620.35308097,-86.0781463523532
125.196582,87207.7259154281,-1255012.77758181,1258039.0531907,87207.7259154281,-1255012.77758181,-86.0250478444704
127.598347,62816.1945668649,-1229691.13561233,1231294.50713605,62816.1945668649,-1229691.13561233,-87.0757070238115
130.046187,81809.0360468102,-1214162.15564472,1216915.14025372,81809.0360468102,-1214162.15564472,-86.145293795973
132.540986,81593.6193042262,-1193807.78105135,1196592.88682906,81593.6193042262,-1193807.78105135,-86.0900649692461
135.083646,80292.172681068,-1175723.00832795,1178461.46534605,80292.172681068,-1175723.00832795,-86.0932372606214
137.675083,76890.5478383966,-1145015.07929511,1147593.86899725,76890.5478383966,-1145015.07929511,-86.1582168803206
140.316235,74078.5535423405,-1128767.16062939,1131195.35669585,74078.5535423405,-1128767.16062939,-86.2451861017169
143.008054,68192.3217170224,-1105177.97596686,1107279.79811038,68192.3217170224,-1105177.97596686,-86.4691794536738
145.751514,71531.535452903,-1095076.68815912,1097410.45808476,71531.535452903,-1095076.68815912,-86.2626902212296
148.547603,72719.0586582117,-1062617.02402718,1065102.3430847,72719.0586582117,-1062617.02402718,-86.0851284215711
151.397333,59438.149606261,-1042798.97111939,1044491.54510521,59438.149606261,-1042798.97111939,-86.7377468354492
154.301731,71215.1965528681,-1032080.19371576,1034534.25776067,71215.1965528681,-1032080.19371576,-86.0527555175526
157.261848,63293.0102282327,-1012703.88879015,1014679.83695077,63293.0102282327,-1012703.88879015,-86.4237210137467
160.278751,67713.1813582596,-998624.849708911,1000917.91141222,67713.1813582596,-998624.849708911,-86.120915700206
163.35353,59520.5557345556,-974743.893332686,976559.447317117,59520.5557345556,-974743.893332686,-86.5057000818872
166.487295,61392.6506729136,-946166.013314733,948155.674089726,61392.6506729136,-946166.013314733,-86.287527032981
169.681179,57691.2023934622,-938217.29081017,939989.340156993,57691.2023934622,-938217.29081017,-86.4812993410876
172.936334,61193.5980020503,-924892.437600405,926914.601010716,61193.5980020503,-924892.437600405,-86.2146601300056
176.253936,60825.8823183484,-906094.614516136,908133.931980823,60825.8823183484,-906094.614516136,-86.1595120848928
179.635182,60978.5672424936,-883043.061663017,885145.996101288,60978.5672424936,-883043.061663017,-86.0497092395186
183.081294,56439.6207031396,-877481.95024929,879295.17444281,56439.6207031396,-877481.95024929,-86.3198061328445
186.593516,54204.9121478067,-855838.273627918,857553.102208468,54204.9121478067,-855838.273627918,-86.3759859486368
190.173116,61681.5100206565,-841901.867189499,844158.375339363,61681.5100206565,-841901.867189499,-85.8097406264692
193.821388,55452.3000084023,-824468.204267362,826330.912784987,55452.3000084023,-824468.204267362,-86.1521804559301
197.539647,53700.8719865631,-807576.611981504,809360.097775794,53700.8719865631,-807576.611981504,-86.1956422925567
201.329237,48715.4857350306,-798855.977107145,800339.9719558,48715.4857350306,-798855.977107145,-86.5103352878668
205.191527,52122.9512707695,-774618.361977027,776370.020519306,52122.9512707695,-774618.361977027,-86.1504526445355
209.127911,51625.5656115306,-767449.846893677,769184.286450158,51625.5656115306,-767449.846893677,-86.1515694378504
213.139809,53746.2378658656,-754511.578690134,756423.413480977,53746.2378658656,-754511.578690134,-85.9255232549148
217.228673,50165.6189969218,-738675.80678955,740377.293591272,50165.6189969218,-738675.80678955,-86.114842901889
221.395976,50513.0555347358,-725905.012983667,727660.399262096,50513.0555347358,-725905.012983667,-86.0194145163946
225.643225,54131.1747041056,-716383.107930691,718425.320686348,54131.1747041056,-716383.107930691,-85.6788410787296
229.971953,48910.7070167816,-697883.964857857,699595.801635919,48910.7070167816,-697883.964857857,-85.9910207800343
234.383723,49793.8701405775,-685181.077014616,686988.018674624,49793.8701405775,-685181.077014616,-85.8434754336464
238.880128,49734.4756721589,-673601.291634403,675434.836355011,49734.4756721589,-673601.291634403,-85.7773027079196
243.462792,45811.5602806369,-664978.179551593,666554.332620453,45811.5602806369,-664978.179551593,-86.0590160676696
248.13337,47901.0039716797,-654790.610382608,656540.36404986,47901.0039716797,-654790.610382608,-85.8159981160285
252.893547,46309.3505192446,-639900.454628436,641573.961269621,46309.3505192446,-639900.454628436,-85.8607426052918
257.745044,49348.4880019191,-627198.514883581,629136.909058947,49348.4880019191,-627198.514883581,-85.5011898569715
262.689611,49160.2169817603,-615362.734911468,617323.272241874,49160.2169817603,-615362.734911468,-85.4324441231081
267.729035,45195.6154722094,-607003.878902677,608684.115663295,45195.6154722094,-607003.878902677,-85.7417922960112
272.865135,41740.3474462102,-598516.613009801,599970.326477614,41740.3474462102,-598516.613009801,-86.01067075358
278.099766,43121.3960176547,-588816.180813589,590393.046692127,43121.3960176547,-588816.180813589,-85.8114751091688
283.434817,44822.9419254229,-576629.159178113,578368.639655806,44822.9419254229,-576629.159178113,-85.5551823472955
288.872216,41469.941263197,-563954.896198481,565477.568940283,41469.941263197,-563954.896198481,-85.7943732468989
294.413926,44160.3779827169,-553616.421306138,555374.901236446,44160.3779827169,-553616.421306138,-85.4393381540421
300.061947,38775.3321942291,-547320.700224938,548692.514329738,38775.3321942291,-547320.700224938,-85.9476096775738
305.81832,40916.3494460825,-534481.072123247,536044.927324202,40916.3494460825,-534481.072123247,-85.6223509188054
311.685123,39500.2475875076,-527125.175603791,528603.083905875,39500.2475875076,-527125.175603791,-85.7145368366423
317.664474,39076.999110814,-516718.082235412,518193.581944575,39076.999110814,-516718.082235412,-85.675217372318
323.758533,39317.5647297641,-505918.522612054,507444.009146076,39317.5647297641,-505918.522612054,-85.5561784243732
329.969499,37015.9748765747,-496691.46211923,498068.861642847,37015.9748765747,-496691.46211923,-85.7379058835229
336.299617,35113.2202880018,-492451.819336399,493702.068667656,35113.2202880018,-492451.819336399,-85.9215497852912
342.751172,39087.4165289415,-480243.87052298,481831.922256921,39087.4165289415,-480243.87052298,-85.3469092571077
349.326492,37994.0739766407,-471122.283753236,472651.833706595,37994.0739766407,-471122.283753236,-85.3893094281674
356.027954,35878.466580675,-461612.622663053,463004.835575227,35878.466580675,-461612.622663053,-85.5556671291992
362.857975,35109.1271890523,-456499.031148339,457847.153809379,35109.1271890523,-456499.031148339,-85.6020661045858
369.819024,34162.7567110314,-448168.427677262,449468.612377779,34162.7567110314,-448168.427677262,-85.6409162033002
376.913613,33984.7326285896,-440169.073195682,441479.076570773,33984.7326285896,-440169.073195682,-85.5850455865902
384.144304,31488.8498043654,-433128.028877173,434271.156146741,31488.8498043654,-433128.028877173,-85.8418539241468
391.513708,31228.1327488764,-421921.545739251,423075.628031183,31228.1327488764,-421921.545739251,-85.767024174709
399.024487,32949.5024588089,-415130.926513908,416436.496792222,32949.5024588089,-415130.926513908,-85.4618704061052
406.679352,30956.5938691393,-408847.987431335,410018.277069001,30956.5938691393,-408847.987431335,-85.6700183660117
414.481068,30363.2202543559,-400509.249118127,401658.541267804,30363.2202543559,-400509.249118127,-85.6646121347459
422.432451,30196.4249480093,-393940.122119332,395095.740163109,30196.4249480093,-393940.122119332,-85.6167168451514
430.536373,31233.231463164,-387197.150798402,388454.821483827,31233.231463164,-387197.150798402,-85.3882252798449
438.79576,28823.1437985387,-380799.874144636,381889.14329554,28823.1437985387,-380799.874144636,-85.6714757078237
447.213595,29955.6769143782,-374216.963213646,375414.008977078,29955.6769143782,-374216.963213646,-85.4232916633393
455.792918,29123.9564492419,-368486.938818592,369636.076322583,29123.9564492419,-368486.938818592,-85.4809303959211
464.536826,29203.3119992127,-360738.466953826,361918.602688394,29203.3119992127,-360738.466953826,-85.3717560771394
473.448476,29149.4759822759,-355445.731186823,356638.976794428,29149.4759822759,-355445.731186823,-85.3117656447698
482.531087,27758.6386268464,-348086.594683118,349191.665731737,27758.6386268464,-348086.594683118,-85.440519159083
491.787938,27496.3900773615,-342397.798721223,343500.078655632,27496.3900773615,-342397.798721223,-85.4086926580235
501.222372,25933.2212348704,-335543.610682355,336544.271431514,25933.2212348704,-335543.610682355,-85.5805560635987
510.837796,28640.779743436,-330823.314248689,332060.776838817,28640.779743436,-330823.314248689,-85.0519982714261
520.637682,26041.2373320828,-323675.062639761,324720.945146196,26041.2373320828,-323675.062639761,-85.4001828890178
530.625568,25063.7680051111,-318783.309942297,319767.088932524,25063.7680051111,-318783.309942297,-85.5044697203876
540.805062,24666.6563821419,-312466.343218101,313438.446239715,24666.6563821419,-312466.343218101,-85.4863284655185
551.179838,25501.3346229914,-305814.252371676,306875.667039928,25501.3346229914,-305814.252371676,-85.2332299405946
561.753643,23915.5222736174,-300693.55204794,301643.107742954,23915.5222736174,-300693.55204794,-85.4525792192484
572.530296,25545.1045396473,-295515.988962892,296618.023893791,25545.1045396473,-295515.988962892,-85.0594978124113
583.513687,25786.5055779803,-290245.759937942,291388.992640211,25786.5055779803,-290245.759937942,-84.9229613078966
594.707784,25091.0018312331,-284548.72643927,285652.824405966,25091.0018312331,-284548.72643927,-84.9607934646898
606.116627,24079.9637680079,-279432.976368822,280468.595278343,24079.9637680079,-279432.976368822,-85.0747393186755
617.744337,23273.5725653795,-275195.786807947,276178.167596211,23273.5725653795,-275195.786807947,-85.1659436701293
629.595112,24182.7709420064,-270712.114046698,271790.093826221,24182.7709420064,-270712.114046698,-84.8953053056767
641.673232,21988.1476368189,-264852.989189665,265764.152058172,21988.1476368189,-264852.989189665,-85.2541763629573
653.983058,23035.0535810016,-260015.897074065,261034.25143975,23035.0535810016,-260015.897074065,-84.937329787545
666.529035,22612.5236617095,-256089.87069654,257086.265871442,22612.5236617095,-256089.87069654,-84.9539172652433
679.315693,22038.4012621652,-251919.618214885,252881.761247674,22038.4012621652,-251919.618214885,-85.000385838991
692.34765,20950.4209230017,-246650.836549349,247538.997548557,20950.4209230017,-246650.836549349,-85.1449735099942
705.629612,21291.0506226242,-241960.248459461,242895.184536827,21291.0506226242,-241960.248459461,-84.9712674292225
719.166373,21822.6074416106,-237922.700644272,238921.404812157,21822.6074416106,-237922.700644272,-84.7594130769529
732.962824,20020.1843594901,-233418.214034494,234275.202325899,20020.1843594901,-233418.214034494,-85.09776200753
747.023944,19919.0476648765,-229724.868988469,230586.825060854,19919.0476648765,-229724.868988469,-85.044376185372
761.354813,20124.2145293922,-224597.354113814,225497.129661003,20124.2145293922,-224597.354113814,-84.8798966216761
775.960604,19530.0413743102,-221161.740455629,222022.381658799,19530.0413743102,-221161.740455629,-84.9534949857145
790.846592,18792.6673250422,-217615.719312745,218425.652424785,18792.6673250422,-217615.719312745,-85.0643463453788
806.018152,19420.5973176743,-213037.946567464,213921.308611033,19420.5973176743,-213037.946567464,-84.7912977202013
821.480762,17950.7585076876,-209574.328327528,210341.695402827,17950.7585076876,-209574.328327528,-85.1043693310505
837.240007,17928.3933686575,-206039.071673853,206817.616137998,17928.3933686575,-206039.071673853,-85.0269604963404
853.301575,17773.6860823011,-201688.960952062,202470.592647116,17773.6860823011,-201688.960952062,-84.9638628583714
869.671269,17763.3175912615,-198579.915829883,199372.81264719,17763.3175912615,-198579.915829883,-84.8883979509272
886.354997,17309.4339019934,-194627.382011287,195395.584214626,17309.4339019934,-194627.382011287,-84.9176985473714
903.358785,16813.1614104827,-191338.443355529,192075.720231194,16813.1614104827,-191338.443355529,-84.9782427165945
920.688773,17311.959970984,-188467.590643732,189261.027898219,17311.959970984,-188467.590643732,-84.7517421032605
938.351219,17022.0016245125,-184861.731902232,185643.767633599,17022.0016245125,-184861.731902232,-84.7390603833152
956.3525,16390.5773033627,-181509.809339509,182248.352285562,16390.5773033627,-181509.809339509,-84.8401096533841
974.699116,16054.695315777,-178418.930471639,179139.800134772,16054.695315777,-178418.930471639,-84.8581937789258
993.397694,15844.9976387284,-175003.228516298,175719.076771132,15844.9976387284,-175003.228516298,-84.8264791239944
1012.454983,15750.4352860574,-171905.085331359,172625.127297512,15750.4352860574,-171905.085331359,-84.7650130582371
1031.877867,14596.5475995837,-168948.348043841,169577.721144523,14596.5475995837,-168948.348043841,-85.0621063331563
1051.673359,15049.6579617534,-165870.542316404,166551.88084529,15049.6579617534,-165870.542316404,-84.8156716759294
1071.848606,15013.1215838359,-162480.202705206,163172.332491804,15013.1215838359,-162480.202705206,-84.7208771135305
1092.410894,14831.4450106415,-160313.478340916,160998.084146573,14831.4450106415,-160313.478340916,-84.7143113263011
1113.367647,14508.1480104,-157325.258786408,157992.795439861,14508.1480104,-157325.258786408,-84.7312259119493
1134.726435,14359.2211730603,-154562.169634803,155227.740803358,14359.2211730603,-154562.169634803,-84.6923104635426
1156.494968,14279.8292994464,-151734.535874295,152404.996315111,14279.8292994464,-151734.535874295,-84.6236943866498
1178.681107,13793.124753876,-149210.557236979,149846.723959671,13793.124753876,-149210.557236979,-84.7185491134833
1201.292864,13597.1228927987,-146483.088960435,147112.804005473,13597.1228927987,-146483.088960435,-84.6967821695992
1224.338404,13528.2572454289,-144361.252249157,144993.740882299,13528.2572454289,-144361.252249157,-84.6463821886943
1247.826048,13296.0457080749,-140908.734189473,141534.646650037,13296.0457080749,-140908.734189473,-84.6095722951772
1271.764278,13138.0495859832,-138764.571973651,139385.131136554,13138.0495859832,-138764.571973651,-84.591432405275
1296.161738,12907.2265231371,-136091.427634761,136702.133019887,12907.2265231371,-136091.427634761,-84.5821413125152
1321.027238,12641.2815904345,-133829.82014559,134425.528678334,12641.2815904345,-133829.82014559,-84.6039722262262
1346.369756,12172.0868428738,-131504.879600469,132067.002149834,12172.0868428738,-131504.879600469,-84.7117724233165
1372.198443,12154.330477212,-129147.293035918,129717.967328565,12154.330477212,-129147.293035918,-84.6236062975128
1398.522627,12077.367817014,-127024.659018413,127597.518832192,12077.367817014,-127024.659018413,-84.5687060062834
1425.351812,11797.1868836948,-124523.986522965,125081.560743142,11797.1868836948,-124523.986522965,-84.5880498419815
1452.695687,11661.3878610403,-122409.236925425,122963.446810467,11661.3878610403,-122409.236925425,-84.5581069461643
1480.564126,11686.4474289338,-120219.374437327,120786.054839172,11686.4474289338,-120219.374437327,-84.4477594998037
1508.967191,11530.5674217082,-118150.542188535,118711.855366308,11530.5674217082,-118150.542188535,-84.4260319270865
1537.915139,11037.2678254855,-116065.994382182,116589.606453475,11037.2678254855,-116065.994382182,-84.5678067896174
1567.418423,10774.3238193967,-114071.112500209,114578.814624696,10774.3238193967,-114071.112500209,-84.6042669779861
1597.487697,11209.015949315,-111975.513586882,112535.139763533,11209.015949315,-111975.513586882,-84.2835987857947
1628.133818,10899.5999200231,-110166.74551841,110704.62093578,10899.5999200231,-110166.74551841,-84.3496987773518
1659.367852,10557.9170605031,-108074.207890848,108588.691970622,10557.9170605031,-108074.207890848,-84.4204018754673
1691.201079,10823.1680349063,-105971.227090779,106522.49498316,10823.1680349063,-105971.227090779,-84.1684260576663
1723.644993,10150.0376904682,-104300.229762129,104792.944388212,10150.0376904682,-104300.229762129,-84.4417299108103
1756.711309,10463.1722873714,-102563.920736419,103096.245378489,10463.1722873714,-102563.920736419,-84.1750589173895
1790.411967,9857.75302038623,-100550.631373186,101032.691561481,9857.75302038623,-100550.631373186,-84.4007464607355
1824.759137,10212.1980278458,-98934.1287553969,99459.7949985289,10212.1980278458,-98934.1287553969,-84.1066754515762
1859.765222,9806.84193338332,-96996.123048644,97490.6253707199,9806.84193338332,-96996.123048644,-84.2267001579972
1895.442861,9605.00247647318,-95465.8395577892,95947.8118304248,9605.00247647318,-95465.8395577892,-84.2546950370964
1931.804939,9489.86060159488,-93766.8654843011,94245.8620682559,9489.86060159488,-93766.8654843011,-84.2209453282905
1968.864584,9142.86664509101,-92063.39739876,92516.275060618,9142.86664509101,-92063.39739876,-84.3285209780594
2006.63518,9041.1440080335,-90489.9951993417,90940.5383541954,9041.1440080335,-90489.9951993417,-84.2943315527094
2045.130365,9161.33800644315,-88853.0048152654,89324.0537524461,9161.33800644315,-88853.0048152654,-84.1132245401494
2084.36404,8995.51576341397,-87266.7666566555,87729.1734063247,8995.51576341397,-87266.7666566555,-84.1146995792762
2124.350371,8827.84342867537,-85596.8268682756,86050.8430494365,8827.84342867537,-85596.8268682756,-84.1117415228974
2165.103798,8598.09755476788,-84292.5048645476,84729.8864504201,8598.09755476788,-84292.5048645476,-84.1757961901237
2206.639037,8320.63205389916,-82889.9086749824,83306.4816081156,8320.63205389916,-82889.9086749824,-84.2677529726967
2248.971086,8262.28553659601,-81355.4067558341,81773.8807364275,8262.28553659601,-81355.4067558341,-84.201042353495
2292.11523,8250.78866167581,-79918.1991214854,80342.9776916504,8250.78866167581,-79918.1991214854,-84.1056421471491
2336.08705,8173.90239579739,-78448.6930510729,78873.3803117216,8173.90239579739,-78448.6930510729,-84.0515737520966
2380.902422,7972.34880935435,-77140.9431708101,77551.8114477036,7972.34880935435,-77140.9431708101,-84.0995533316372
2426.577531,7835.61570531573,-75897.495077498,76300.8953585751,7835.61570531573,-75897.495077498,-84.1056972504187
2473.128868,7691.65370173435,-74308.7767580901,74705.7952233364,7691.65370173435,-74308.7767580901,-84.0903962719897
2520.573244,7650.1974554572,-73075.5564583599,73474.9104987984,7650.1974554572,-73075.5564583599,-84.023539643145
2568.92779,7488.7083793226,-71856.4283544373,72245.6022817093,7488.7083793226,-71856.4283544373,-84.0502469674976
2618.209967,7421.52108007995,-70668.7724386489,71057.4019587517,7421.52108007995,-70668.7724386489,-84.004864572566
2668.437571,7239.04455616297,-69359.7290415542,69736.4738053476,7239.04455616297,-69359.7290415542,-84.041636913359
2719.628739,7065.64326907875,-68078.6658828809,68444.3428136965,7065.64326907875,-68078.6658828809,-84.0746885766163
2771.801955,7012.2951822444,-66987.8462628313,67353.8701980491,7012.2951822444,-66987.8462628313,-84.0240360764802
2824.97606,6868.10595568899,-65802.1107156746,66159.5696332471,6868.10595568899,-65802.1107156746,-84.0413195361872
2879.170254,6890.31150528267,-64558.902918977,64925.5599801937,6890.31150528267,-64558.902918977,-83.9079367879026
2934.404107,6590.76705295801,-63525.0715817,63866.0545971525,6590.76705295801,-63525.0715817,-84.0767184642128
2990.697562,6796.20006114152,-62423.6205842811,62792.4895359417,6796.20006114152,-62423.6205842811,-83.7865520956287
3048.070949,6544.61404768286,-61368.4153648665,61716.4028231386,6544.61404768286,-61368.4153648665,-83.9127183164402
3106.544984,6513.11502803752,-60195.3599900524,60546.6929873172,6513.11502803752,-60195.3599900524,-83.8246423280397
3166.140781,6367.85594377381,-59218.9190048574,59560.3052160121,6367.85594377381,-59218.9190048574,-83.8625238299076
3226.879862,6276.81204447888,-58150.5957265842,58488.3762195391,6276.81204447888,-58150.5957265842,-83.8393099054206
3288.784157,6227.27268404178,-57073.7413398854,57412.4627203324,6227.27268404178,-57073.7413398854,-83.7731328647807
3351.876022,6165.06000517622,-56007.6201654207,56345.9091812481,6165.06000517622,-56007.6201654207,-83.7184342922517
3416.178237,6044.58753035306,-55108.8213789464,55439.3292905742,6044.58753035306,-55108.8213789464,-83.7405587047724
3481.714023,5991.54875695172,-54143.0032699057,54473.5115408576,5991.54875695172,-54143.0032699057,-83.6852532431426
3548.507044,5876.66524759787,-53203.956320834,53527.5271483891,5876.66524759787,-53203.956320834,-83.6969212021489
3616.581419,5801.15460054683,-52283.8528802337,52604.7019448012,5801.15460054683,-52283.8528802337,-83.6686441540395
3685.961729,5596.18509469019,-51309.560126464,51613.8377567998,5596.18509469019,-51309.560126464,-83.7755188687912
3756.673027,5581.95528569447,-50413.4716169696,50721.5570077111,5581.95528569447,-50413.4716169696,-83.6817476615592
3828.740847,5463.65295081885,-49563.9262441873,49864.1583535331,5463.65295081885,-49563.9262441873,-83.7094285340028
3902.191213,5405.01030260251,-48634.4418408704,48933.8642408736,5405.01030260251,-48634.4418408704,-83.6584310706585
3977.050646,5284.16600736333,-47835.7588105835,48126.7309442236,5284.16600736333,-47835.7588105835,-83.6963919483064
4053.346179,5205.55315150561,-46996.3074447697,47283.725498912,5205.55315150561,-46996.3074447697,-83.6793892453238
4131.105362,5212.59644512052,-46163.0267898114,46456.390347255,5212.59644512052,-46163.0267898114,-83.5576133413346
4210.356272,4994.65258576493,-45409.3968541648,45683.2559819407,4994.65258576493,-45409.3968541648,-83.7231765792701
4291.127528,4922.86543822358,-44637.2983460368,44907.9392508269,4922.86543822358,-44637.2983460368,-83.706515953637
4373.448296,4932.79784281501,-43763.9683490537,44041.0878636649,4932.79784281501,-43763.9683490537,-83.5691237131661
4457.348301,4787.73645877121,-43026.2482862062,43291.805945062,4787.73645877121,-43026.2482862062,-83.6505450515015
4542.857839,4725.23657297494,-42306.6718678989,42569.7350850184,4725.23657297494,-42306.6718678989,-83.6270410606774
4630.007788,4610.99580724645,-41550.2261813541,41805.2936606852,4610.99580724645,-41550.2261813541,-83.6675670835954
4718.829616,4517.52179178436,-40822.9777726134,41072.1744903108,4517.52179178436,-40822.9777726134,-83.6852702623575
4809.355399,4455.03905776799,-40120.000898492,40366.5931817541,4455.03905776799,-40120.000898492,-83.6636719201576
4901.617823,4461.78456764096,-39382.0825052724,39634.0250792185,4461.78456764096,-39382.0825052724,-83.5362485618668
4995.650204,4365.95988645536,-38650.9538045114,38896.7586789518,4365.95988645536,-38650.9538045114,-83.5552638441371
5091.486498,4224.25151359999,-38041.6171025604,38275.4351069713,4224.25151359999,-38041.6171025604,-83.6636687862879
5189.161311,4127.10780719274,-37396.4625582901,37623.5090166479,4127.10780719274,-37396.4625582901,-83.7022706577988
5288.709912,4084.56150116589,-36724.9704711437,36951.415382407,4084.56150116589,-36724.9704711437,-83.6536296873706
5390.168248,4139.69902161392,-36088.7591273536,36325.4131888641,4139.69902161392,-36088.7591273536,-83.456269696903
5493.572956,3948.41476578372,-35440.1490020777,35659.4186779892,3948.41476578372,-35440.1490020777,-83.6428482421146
5598.961374,3918.93534634264,-34855.9179238389,35075.5337601897,3918.93534634264,-34855.9179238389,-83.5850367222262
5706.371558,3853.69619397203,-34243.9326593505,34460.0913860304,3853.69619397203,-34243.9326593505,-83.5791417313676
5815.842293,3765.57949822093,-33603.8744796581,33814.1977429901,3765.57949822093,-33603.8744796581,-83.6062285605357
5927.41311,3727.85408800038,-33051.2476487733,33260.8157933921,3727.85408800038,-33051.2476487733,-83.5647990707414
6041.124295,3705.57476016677,-32441.5098976601,32652.455478006,3705.57476016677,-32441.5098976601,-83.4837309576349
6157.01691,3615.49383632273,-31898.5758686969,32102.8182272445,3615.49383632273,-31898.5758686969,-83.5334970337228
6275.132802,3599.66847495567,-31343.1889034322,31549.2171656576,3599.66847495567,-31343.1889034322,-83.4484605287952
6395.514624,3499.35659428116,-30793.9275267608,30992.119467654,3499.35659428116,-30793.9275267608,-83.5168406193396
6518.205844,3465.52507017816,-30218.2286267824,30416.2983505969,3465.52507017816,-30218.2286267824,-83.4577150482584
6643.250766,3379.20397393843,-29716.8691425376,29908.3822887863,3379.20397393843,-29716.8691425376,-83.5125730463988
6770.694544,3345.78846739031,-29220.9271413991,29411.8493718344,3345.78846739031,-29220.9271413991,-83.4680940521542
6900.583196,3302.08039269065,-28703.1577143193,28892.4730283318,3302.08039269065,-28703.1577143193,-83.4374055025227
7032.963626,3256.60154972275,-28167.6531560618,28355.2841278985,3256.60154972275,-28167.6531560618,-83.4050324041392
7167.883635,3214.50255795909,-27716.3299134375,27902.1140877468,3214.50255795909,-27716.3299134375,-83.3844690636803
7305.391942,3184.3530138243,-27208.6091435594,27394.3153892123,3184.3530138243,-27208.6091435594,-83.3247689047314
7445.538201,3089.07130233751,-26741.025609811,26918.8560710795,3089.07130233751,-26741.025609811,-83.4105103105041
7588.373019,3031.61857264896,-26288.1985592275,26462.427981185,3031.61857264896,-26288.1985592275,-83.4215723033989
7733.947973,3008.62122260583,-25819.8326073558,25994.5293770245,3008.62122260583,-25819.8326073558,-83.3536591175802
7882.315629,2919.28310004142,-25378.9556501674,25546.3031319867,2919.28310004142,-25378.9556501674,-83.4382367738496
8033.529563,2907.20253861531,-24947.2433678323,25116.0661381193,2907.20253861531,-24947.2433678323,-83.3530731489277
8187.644376,2831.76514322972,-24473.7453226353,24637.0270922371,2831.76514322972,-24473.7453226353,-83.3998701791923
8344.715721,2788.45937028602,-24072.5537775875,24233.5170999708,2788.45937028602,-24072.5537775875,-83.3925550882175
8504.800314,2752.73649217465,-23640.0298516896,23799.7598640013,2752.73649217465,-23640.0298516896,-83.3581693375777
8667.955961,2707.00008320138,-23238.5155607947,23395.6503418851,2707.00008320138,-23238.5155607947,-83.3556942897527
8834.241578,2646.32520456749,-22836.8390247287,22989.655363439,2646.32520456749,-22836.8390247287,-83.3900654672221
9003.717209,2618.72617551006,-22446.11673762,22598.3601923052,2618.72617551006,-22446.11673762,-83.3455433337274
9176.444052,2561.65183053584,-22056.5018049268,22204.7592189518,2561.65183053584,-22056.5018049268,-83.3753224326849
9352.484478,2536.92884204621,-21680.197451131,21828.1233611512,2536.92884204621,-21680.197451131,-83.325832175214
9531.902055,2461.80300743018,-21299.9544977154,21441.7474952985,2461.80300743018,-21299.9544977154,-83.4071293595571
9714.761568,2451.8759731344,-20915.4590367536,21058.6828293165,2451.8759731344,-20915.4590367536,-83.313850800979
9901.12905,2411.05518061526,-20542.2360151518,20683.2455767022,2411.05518061526,-20542.2360151518,-83.3057856824308
10091.071795,2390.17495767677,-20203.5694011452,20344.4624621836,2390.17495767677,-20203.5694011452,-83.2530066918676
10284.658392,2324.70423836734,-19828.1698416543,19963.981793855,2324.70423836734,-19828.1698416543,-83.313027231902
10481.958744,2275.66613103202,-19516.4001190681,19648.6266682302,2275.66613103202,-19516.4001190681,-83.3491873594623
10683.044096,2244.24055977183,-19159.1192618731,19290.1131821667,2244.24055977183,-19159.1192618731,-83.3189936684839
10887.987059,2210.77448376312,-18835.4548596701,18964.7537181142,2210.77448376312,-18835.4548596701,-83.3056498090092
11096.861637,2172.98143019367,-18517.7300900302,18644.7895129759,2172.98143019367,-18517.7300900302,-83.3071780807918
11309.743254,2150.52607313158,-18186.1227173484,18312.8321644052,2150.52607313158,-18186.1227173484,-83.2560382006557
11526.708781,2080.83230315026,-17887.1879714226,18007.8137651087,2080.83230315026,-17887.1879714226,-83.3645565409998
11747.836564,2086.63195121275,-17546.8237693739,17670.4571897075,2086.63195121275,-17546.8237693739,-83.2183523649494
11973.20645,2036.35502527779,-17253.8421140087,17373.595180161,2036.35502527779,-17253.8421140087,-83.2689025587301
12202.89982,1984.63408916714,-16941.1093277857,17056.9621481632,1984.63408916714,-16941.1093277857,-83.318311664317
12436.999616,1961.16262289135,-16657.8560337176,16772.9045330106,1961.16262289135,-16657.8560337176,-83.285363193064
12675.590371,1916.27852693347,-16368.0489006401,16479.8406608356,1916.27852693347,-16368.0489006401,-83.3225317170579
12918.758238,1905.05798868236,-16087.9158638215,16200.3173666951,1905.05798868236,-16087.9158638215,-83.2467418577096
13166.591025,1856.73576129685,-15801.5227806109,15910.2353808309,1856.73576129685,-15801.5227806109,-83.2982708815843
13419.178223,1828.75530257884,-15535.1053128771,15642.3733186142,1828.75530257884,-15535.1053128771,-83.2861767287006
13676.611041,1794.46646496701,-15268.8227436726,15373.9083473131,1794.46646496701,-15268.8227436726,-83.2970684076903
13938.982437,1772.45450470438,-14996.6293800745,15101.0094938902,1772.45450470438,-14996.6293800745,-83.2594707309586
14206.387151,1736.56181542311,-14745.1229611772,14847.0299413391,1736.56181542311,-14745.1229611772,-83.2831055098182
14478.921744,1711.93666619262,-14485.9930358952,14586.7995593639,1711.93666619262,-14485.9930358952,-83.2601168192744
14756.684627,1678.38161825761,-14230.738299607,14329.371144904,1678.38161825761,-14230.738299607,-83.2735754689506
15039.776098,1646.87720512893,-13983.626577041,14080.2704794653,1646.87720512893,-13983.626577041,-83.2831123790671
15328.298381,1619.78756887702,-13736.2148315143,13831.3885660769,1619.78756887702,-13736.2148315143,-83.2746848386436
15622.355661,1601.44946069416,-13500.6544704102,13595.3047595324,1601.44946069416,-13500.6544704102,-83.2351773749508
15922.054121,1574.14451262848,-13267.7797334951,13360.8349291196,1574.14451262848,-13267.7797334951,-83.2338202613948
16227.50198,1543.02027494322,-13034.5140540444,13125.527349176,1543.02027494322,-13034.5140540444,-83.2487694258166
16538.809534,1515.45966740843,-12814.9236181601,12904.219671984,1515.45966740843,-12814.9236181601,-83.2556725461939
16856.089197,1496.99602269414,-12585.1133235293,12673.8342445385,1496.99602269414,-12585.1133235293,-83.21655488507
17179.455537,1468.57761576635,-12362.4572983099,12449.3803326136,1468.57761576635,-12362.4572983099,-83.2253912735806
17509.025319,1438.73455193829,-12155.0723161876,12239.9240243839,1438.73455193829,-12155.0723161876,-83.2495958585997
17844.917551,1415.16666509532,-11951.6557471331,12035.1473521506,1415.16666509532,-11951.6557471331,-83.2471870682217
18187.253522,1389.81417163853,-11732.1125200158,11814.1460806103,1389.81417163853,-11732.1125200158,-83.2440898752015
18536.156849,1363.53249125892,-11536.4514684785,11616.7522715808,1363.53249125892,-11536.4514684785,-83.2592891199177
18891.753519,1345.32747844158,-11341.2331530577,11420.7475874509,1345.32747844158,-11341.2331530577,-83.2350335642522
19254.171937,1317.8496330783,-11139.8442982404,11217.5246219673,1317.8496330783,-11139.8442982404,-83.2532352457932
19623.542971,1292.50134121473,-10944.006686067,11020.0654291035,1292.50134121473,-10944.006686067,-83.2644941403135
20000,1276.13437151691,-10754.806382564,10830.2529638327,1276.13437151691,-10754.806382564,-83.2330876180421

