Frequency (Hz),Trace 1: Impedance: Real (Ω),Trace 1: Impedance: Imaginary (Ω),Trace 1: Impedance: Cs (F),Trace 2: Impedance: Real (Ω),Trace 2: Impedance: Imaginary (Ω),Trace 2: Impedance: Phase (°)
10,4592392.03608363,-12260105.8910595,1.29815308698073E-09,4592392.03608363,-12260105.8910595,-69.4650486577444
10.191839,4515606.58309246,-11573672.5140254,1.34926230558364E-09,4515606.58309246,-11573672.5140254,-68.6861630211439
10.387359,5532338.47257404,-12424969.2465367,1.23316067709627E-09,5532338.47257404,-12424969.2465367,-65.9985154716642
10.58663,3559560.39800676,-12034966.6199624,1.24915838267866E-09,3559560.39800676,-12034966.6199624,-73.52345839536
10.789723,4646365.66529403,-11228172.8141535,1.31371375755812E-09,4646365.66529403,-11228172.8141535,-67.519584487157
10.996713,4419678.35211301,-11600749.0516456,1.2475880572995E-09,4419678.35211301,-11600749.0516456,-69.1440523360555
11.207673,4611550.5872348,-11969396.8194846,1.18640348853279E-09,4611550.5872348,-11969396.8194846,-68.9294014873149
11.42268,4947525.45927834,-11385943.1280589,1.22372296691691E-09,4947525.45927834,-11385943.1280589,-66.513643431999
11.641812,4721007.81716981,-10727750.8116405,1.27435630769905E-09,4721007.81716981,-10727750.8116405,-66.2469372825699
11.865148,4047285.32203501,-10798094.3670468,1.24222382176359E-09,4047285.32203501,-10798094.3670468,-69.4532595005123
12.092769,4176168.58622811,-10656259.4590144,1.23506435715522E-09,4176168.58622811,-10656259.4590144,-68.599878024356
12.324756,3605462.13189892,-10220691.1522957,1.26346011476354E-09,3605462.13189892,-10220691.1522957,-70.5691410439834
12.561193,4634451.24921407,-10512393.7847999,1.20527909041031E-09,4634451.24921407,-10512393.7847999,-66.2094311922068
12.802167,3034027.44347606,-10186094.4106477,1.22047516449765E-09,3034027.44347606,-10186094.4106477,-73.4133245044819
13.047763,3667788.13932557,-10243603.7132663,1.19077937330645E-09,3667788.13932557,-10243603.7132663,-70.2997669458984
13.29807,3983460.33382952,-10451983.3151872,1.14507203687342E-09,3983460.33382952,-10451983.3151872,-69.1371535203944
13.55318,3098581.32580487,-9768684.33065327,1.20210623450534E-09,3098581.32580487,-9768684.33065327,-72.401214368335
13.813183,3037365.49279572,-10285016.8361006,1.12026652583597E-09,3037365.49279572,-10285016.8361006,-73.5471045256046
14.078175,3971407.74583326,-9970396.24195711,1.13386501078458E-09,3971407.74583326,-9970396.24195711,-68.2816210558442
14.34825,3547100.53870721,-9399264.7589218,1.18012310574975E-09,3547100.53870721,-9399264.7589218,-69.3244644284969
14.623506,2679895.2091212,-9256586.8675998,1.17575745989363E-09,2679895.2091212,-9256586.8675998,-73.853622895901
14.904042,2406807.65609044,-9397917.33863632,1.13627759953415E-09,2406807.65609044,-9397917.33863632,-75.6352805375786
15.189961,2900640.7656165,-9885168.83516478,1.05993536201608E-09,2900640.7656165,-9885168.83516478,-73.6465384209243
15.481364,3392428.64995094,-9725361.97162664,1.0570733775474E-09,3392428.64995094,-9725361.97162664,-70.7700602091597
15.778358,2530458.3148838,-8963909.66192497,1.12528066025369E-09,2530458.3148838,-8963909.66192497,-74.2359428612894
16.081049,3094634.61235933,-9018960.14261686,1.09736041210056E-09,3094634.61235933,-9018960.14261686,-71.0616016887629
16.389547,2756660.85113944,-8961342.44356151,1.08362772504088E-09,2756660.85113944,-8961342.44356151,-72.9012152502627
16.703963,2595067.74608612,-8304077.24733177,1.1473851687152E-09,2595067.74608612,-8304077.24733177,-72.6457012609614
17.024411,2776103.95696419,-8387536.56682628,1.11458606668977E-09,2776103.95696419,-8387536.56682628,-71.686507020709
17.351007,2721789.26292126,-7991398.94266411,1.14781695276686E-09,2721789.26292126,-7991398.94266411,-71.1916789585378
17.683867,2379367.42349342,-8513549.45768477,1.05713932440871E-09,2379367.42349342,-8513549.45768477,-74.385381181289
18.023114,2349842.62986231,-7726313.59099828,1.14292562746491E-09,2349842.62986231,-7726313.59099828,-73.0836462145263
18.368868,2466186.80616878,-7610080.98679031,1.13854043677956E-09,2466186.80616878,-7610080.98679031,-72.0441287985893
18.721256,2297825.7424239,-7109109.96003045,1.19583130375517E-09,2297825.7424239,-7109109.96003045,-72.0879896349641
19.080403,2394363.86831577,-7601383.07186415,1.09733686363627E-09,2394363.86831577,-7601383.07186415,-72.5160650165639
19.446441,2378872.92350467,-7004530.37362131,1.16842537065543E-09,2378872.92350467,-7004530.37362131,-71.2415270191661
19.8195,2505971.80846956,-7306083.00389103,1.09911424285998E-09,2505971.80846956,-7306083.00389103,-71.0681346328253
20.199717,1754223.11108388,-7262120.46074592,1.08495418195796E-09,1754223.11108388,-7262120.46074592,-76.4198928857821
20.587227,2217170.5331529,-6726842.33180997,1.14924078451279E-09,2217170.5331529,-6726842.33180997,-71.757754768656
20.982171,1986872.92214969,-7081883.94594301,1.07107751923604E-09,1986872.92214969,-7081883.94594301,-74.3281581549721
21.384692,1936837.42854307,-6756190.33009761,1.10157800636306E-09,1936837.42854307,-6756190.33009761,-74.003675028491
21.794935,1676824.84279165,-6755014.14274835,1.08103135538308E-09,1676824.84279165,-6755014.14274835,-76.059023068994
22.213048,1572104.65893832,-6638569.61200357,1.07928828464042E-09,1572104.65893832,-6638569.61200357,-76.6770063204463
22.639182,1565085.67970576,-6917476.54147203,1.01627608469316E-09,1565085.67970576,-6917476.54147203,-77.2514139990611
23.073491,1664159.97218621,-6419833.36175478,1.07444222721334E-09,1664159.97218621,-6419833.36175478,-75.4675626057724
23.516131,1498158.82402377,-6234112.56149715,1.08562446382577E-09,1498158.82402377,-6234112.56149715,-76.4871326597424
23.967263,1653129.70348681,-6141499.87197531,1.08125279463271E-09,1653129.70348681,-6141499.87197531,-74.9345654178059
24.42705,1522669.01580008,-6156531.1679122,1.05831031192301E-09,1522669.01580008,-6156531.1679122,-76.1080542624783
24.895657,1738538.07909543,-6045139.22085834,1.05752400076328E-09,1738538.07909543,-6045139.22085834,-73.9551495160757
25.373254,1080417.15535483,-6211246.76975146,1.00986932529822E-09,1080417.15535483,-6211246.76975146,-80.1323994072924
25.860014,1028870.58240627,-5826571.60958487,1.05627812924325E-09,1028870.58240627,-5826571.60958487,-79.9858018880287
26.356111,1645652.41102983,-5866183.75921434,1.02939757423318E-09,1645652.41102983,-5866183.75921434,-74.329490751363
26.861725,1534062.13560188,-5816257.24626389,1.01869136858479E-09,1534062.13560188,-5816257.24626389,-75.2244901920642
27.377039,1113265.37293044,-5630299.81648993,1.03252870723604E-09,1113265.37293044,-5630299.81648993,-78.8153162465158
27.902239,907562.69102029,-5702526.85243533,1.00026192631247E-09,907562.69102029,-5702526.85243533,-80.957160830892
28.437514,1234745.81950234,-5442357.59865156,1.0283511295924E-09,1234745.81950234,-5442357.59865156,-77.2172951038338
28.983058,1356554.60163179,-5268270.0256289,1.04233638748998E-09,1356554.60163179,-5268270.0256289,-75.5602891488446
29.539067,1097237.02371325,-5093512.51118531,1.05780588906609E-09,1097237.02371325,-5093512.51118531,-77.8432008047135
30.105743,975753.768726229,-5217485.22322676,1.01323353212572E-09,975753.768726229,-5217485.22322676,-79.4071305557954
30.68329,987743.697387737,-4931806.47546627,1.05174917581647E-09,987743.697387737,-4931806.47546627,-78.6746258550823
31.271917,907464.529809655,-4887458.84310929,1.0413159332975E-09,907464.529809655,-4887458.84310929,-79.4815546445278
31.871835,869914.339504963,-4780474.02931641,1.04458094690198E-09,869914.339504963,-4780474.02931641,-79.6866003819972
32.483263,855408.083841789,-4787777.36096029,1.02335551978715E-09,855408.083841789,-4787777.36096029,-79.8701346923772
33.10642,795559.245996778,-4705539.66203199,1.02164137503426E-09,795559.245996778,-4705539.66203199,-80.4038261264825
33.741532,775231.233719897,-4764295.48156726,9.9004890016357E-10,775231.233719897,-4764295.48156726,-80.7580082853883
34.388828,785648.656739313,-4650328.12765373,9.95220146221024E-10,785648.656739313,-4650328.12765373,-80.4107264251672
35.048541,863158.460441305,-4427985.36259679,1.02551970874288E-09,863158.460441305,-4427985.36259679,-78.969514296005
35.720911,758942.327392178,-4589029.19101196,9.70905106074065E-10,758942.327392178,-4589029.19101196,-80.6093153601072
36.406179,888522.949898947,-4399539.24824513,9.93660063205461E-10,888522.949898947,-4399539.24824513,-78.5822278916985
37.104593,774241.400105922,-4187752.40820175,1.02426294733726E-09,774241.400105922,-4187752.40820175,-79.5253011773717
37.816406,835000.743322839,-4201845.19539122,1.00161272093393E-09,835000.743322839,-4201845.19539122,-78.7604706899597
38.541874,899314.291023297,-4204396.26006309,9.82163212292605E-10,899314.291023297,-4204396.26006309,-77.9264532448404
39.281259,541347.791115282,-4374224.98753894,9.26261505601757E-10,541347.791115282,-4374224.98753894,-82.9450292231933
40.034829,745674.040170557,-3850819.87264666,1.03235472395025E-09,745674.040170557,-3850819.87264666,-79.0408595870918
40.802855,666986.616345251,-3971101.75189623,9.82242145073601E-10,666986.616345251,-3971101.75189623,-80.4655880410027
41.585615,805880.584697611,-3967145.36939404,9.6471468251089E-10,805880.584697611,-3967145.36939404,-78.517257133782
42.383391,880203.72789266,-3656711.17263428,1.02691328491008E-09,880203.72789266,-3656711.17263428,-76.4658561375485
43.196472,855669.827014998,-3774375.32479718,9.7617295057575E-10,855669.827014998,-3774375.32479718,-77.2266674464857
44.02515,780555.450957067,-3805479.82007682,9.49969942046651E-10,780555.450957067,-3805479.82007682,-78.4086307165148
44.869727,577055.9604938,-3814074.25512547,9.29988462118323E-10,577055.9604938,-3814074.25512547,-81.3966007129936
45.730505,503249.298162219,-3418249.25114144,1.0181468149671E-09,503249.298162219,-3418249.25114144,-81.6248345978388
46.607797,614688.957150755,-3760452.25334657,9.08074493475527E-10,614688.957150755,-3760452.25334657,-80.7164524405274
47.501918,667286.290654022,-3307821.65905117,1.01290076574991E-09,667286.290654022,-3307821.65905117,-78.5947995171797
48.413193,277129.861567347,-3191857.78575181,1.02994224524355E-09,277129.861567347,-3191857.78575181,-85.0377952907723
49.341949,358472.871423008,-3371494.64966217,9.5671229833392E-10,358472.871423008,-3371494.64966217,-83.9308501726756
50.288522,320982.028442752,-3381989.69887028,9.35791248728444E-10,320982.028442752,-3381989.69887028,-84.5783419301429
51.253255,418907.849101438,-3124247.22228291,9.9392425153899E-10,418907.849101438,-3124247.22228291,-82.3631689640582
52.236494,549950.15702483,-2980165.99051627,1.02236425553457E-09,549950.15702483,-2980165.99051627,-79.5444477046342
53.238597,621410.088333778,-3131366.90186204,9.54683843419967E-10,621410.088333778,-3131366.90186204,-78.7756559625649
54.259923,392932.866019741,-2993901.87133788,9.79723210065218E-10,392932.866019741,-2993901.87133788,-82.5229849044981
55.300843,476461.226405202,-3036877.38575457,9.47678706150664E-10,476461.226405202,-3036877.38575457,-81.0834470719308
56.361731,490773.646962381,-2795497.50198418,1.01012867612543E-09,490773.646962381,-2795497.50198418,-80.0427026776743
57.442972,288771.536669474,-2892958.49903007,9.57725446516708E-10,288771.536669474,-2892958.49903007,-84.2996883905097
58.544955,404005.090565976,-2926127.68339571,9.29046351669872E-10,404005.090565976,-2926127.68339571,-82.1389763229242
59.668078,398580.539846602,-2925430.76431461,9.11776214693856E-10,398580.539846602,-2925430.76431461,-82.2414068849016
60.812747,354687.11390663,-2853431.24809188,9.17187436419344E-10,354687.11390663,-2853431.24809188,-82.9143661335044
61.979376,312918.05237469,-2768358.51691246,9.27578341028761E-10,312918.05237469,-2768358.51691246,-83.551013447894
63.168385,324393.746971779,-2608677.8160838,9.65828269730497E-10,324393.746971779,-2608677.8160838,-82.9115550755327
64.380204,438291.804635585,-2520500.63384865,9.80801163036811E-10,438291.804635585,-2520500.63384865,-80.1354315817242
65.615271,337630.70072112,-2622681.58046253,9.24846460160267E-10,337630.70072112,-2622681.58046253,-82.6643785504103
66.87403,358798.814039463,-2468435.40238433,9.64141705790358E-10,358798.814039463,-2468435.40238433,-81.7297065708611
68.156938,312027.321147792,-2478958.05696085,9.41978264169462E-10,312027.321147792,-2478958.05696085,-82.8258886653606
69.464458,383603.434235827,-2432314.24794119,9.41971572141128E-10,383603.434235827,-2432314.24794119,-81.0376283588165
70.79706,295470.915574691,-2364567.76096645,9.50721126171898E-10,295470.915574691,-2364567.76096645,-82.8773707838611
72.155227,300778.871310746,-2299740.66187598,9.59121155160704E-10,300778.871310746,-2299740.66187598,-82.5486840730545
73.539449,224032.377864556,-2267111.18723748,9.54612111426977E-10,224032.377864556,-2267111.18723748,-84.3564431187169
74.950226,248521.744660621,-2266805.1953386,9.36770024890666E-10,248521.744660621,-2266805.1953386,-83.74335135395
76.388068,245145.634525363,-2220739.17095949,9.38203508254049E-10,245145.634525363,-2220739.17095949,-83.7006691666445
77.853492,268578.25802156,-2140163.60267159,9.55201643129838E-10,268578.25802156,-2140163.60267159,-82.8471017397433
79.34703,326665.836751258,-2092126.8669343,9.58741307531669E-10,326665.836751258,-2092126.8669343,-81.1254626004195
80.869219,280373.182050981,-2136322.79171175,9.21234107717348E-10,280373.182050981,-2136322.79171175,-82.5231755015929
82.42061,232136.083640435,-2059953.08680038,9.3740437759558E-10,232136.083640435,-2059953.08680038,-83.5704641711928
84.001763,234888.758201349,-2002514.83535583,9.46141274300761E-10,234888.758201349,-2002514.83535583,-83.3099534085724
85.613248,206461.650182548,-2031563.31033112,9.15058368306333E-10,206461.650182548,-2031563.31033112,-84.1971255063692
87.255648,273931.127438877,-1970722.4505586,9.25552630364358E-10,273931.127438877,-1970722.4505586,-82.0865715145972
88.929556,203374.298478629,-1907032.11528422,9.38460506505477E-10,203374.298478629,-1907032.11528422,-83.9127332003867
90.635576,214092.394116322,-1920122.35042642,9.14518572292351E-10,214092.394116322,-1920122.35042642,-83.6378360118066
92.374324,233695.703106925,-1866824.2341794,9.22922913455901E-10,233695.703106925,-1866824.2341794,-82.8646284878988
94.146428,220847.545947082,-1817790.80787273,9.29977372003222E-10,220847.545947082,-1817790.80787273,-83.0729540406181
95.952529,214007.032040133,-1776845.54380291,9.33499368237625E-10,214007.032040133,-1776845.54380291,-83.1322562686568
97.793277,209359.998907673,-1747909.09336091,9.3109134688031E-10,209359.998907673,-1747909.09336091,-83.1698001575788
99.669338,184180.506036174,-1758183.60717989,9.08226838704212E-10,184180.506036174,-1758183.60717989,-84.019727897483
101.581389,207520.040945059,-1697280.29918026,9.23107786715545E-10,207520.040945059,-1697280.29918026,-83.0292596717107
103.530121,211314.337356507,-1651926.84598862,9.30599037382823E-10,211314.337356507,-1651926.84598862,-82.710318451919
105.516238,205551.385903247,-1625973.10187386,9.27657106607154E-10,205551.385903247,-1625973.10187386,-82.7950327559066
107.540456,191959.995146226,-1596036.05168752,9.2726861564012E-10,191959.995146226,-1596036.05168752,-83.1418091119981
109.603507,161127.479588135,-1578999.23430978,9.19631336948881E-10,161127.479588135,-1578999.23430978,-84.1734745043768
111.706134,158902.587303139,-1554356.16242793,9.16626841671957E-10,158902.587303139,-1554356.16242793,-84.1629028412277
113.849099,187157.784045183,-1511082.21213724,9.25129309777678E-10,187157.784045183,-1511082.21213724,-82.9394864036018
116.033174,170855.053412949,-1498252.31033843,9.15488732169529E-10,170855.053412949,-1498252.31033843,-83.4943084312813
118.259149,161528.364548412,-1474130.52888783,9.12955147746766E-10,161528.364548412,-1474130.52888783,-83.7467425475583
120.527826,153348.885460292,-1444717.17059525,9.14007951790224E-10,153348.885460292,-1444717.17059525,-83.9410507796224
122.840026,154938.43410508,-1421191.19485601,9.11649134173648E-10,154938.43410508,-1421191.19485601,-83.7781792011932
125.196582,151421.468933324,-1392446.36213877,9.12954606785911E-10,151421.468933324,-1392446.36213877,-83.793762208676
127.598347,133504.878870117,-1392337.47338569,8.95840250268174E-10,133504.878870117,-1392337.47338569,-84.5229139966401
130.046187,150453.369989272,-1327811.00955004,9.21692902699411E-10,150453.369989272,-1327811.00955004,-83.5354260036472
132.540986,145982.145944449,-1329393.96756428,9.03267180636994E-10,145982.145944449,-1329393.96756428,-83.7333984022935
135.083646,153920.308041622,-1292298.49948236,9.11705379931943E-10,153920.308041622,-1292298.49948236,-83.2077358234683
137.675083,138184.31973101,-1272393.11073282,9.08538793061388E-10,138184.31973101,-1272393.11073282,-83.8018605715691
140.316235,99509.8980276177,-1249775.08285165,9.07570449485921E-10,99509.8980276177,-1249775.08285165,-85.4475855044009
143.008054,111333.006957829,-1225674.14189586,9.07997412258355E-10,111333.006957829,-1225674.14189586,-84.8098325936111
145.751514,112079.236209125,-1198730.06597685,9.10931370941505E-10,112079.236209125,-1198730.06597685,-84.6584703827794
148.547603,112155.259702317,-1182735.50294617,9.05872028687611E-10,112155.259702317,-1182735.50294617,-84.5830111660979
151.397333,122224.510073039,-1157706.73596217,9.08036585037885E-10,122224.510073039,-1157706.73596217,-83.9733417150785
154.301731,117404.622706064,-1146475.85223483,8.99672450244624E-10,117404.622706064,-1146475.85223483,-84.1530192884631
157.261848,109123.547852156,-1115133.38712493,9.07548697952704E-10,109123.547852156,-1115133.38712493,-84.4110046977803
160.278751,112773.974095773,-1090304.66290392,9.10743987343176E-10,112773.974095773,-1090304.66290392,-84.0946992870137
163.35353,101528.316504821,-1083336.47311742,8.99348972579551E-10,101528.316504821,-1083336.47311742,-84.6459825489427
166.487295,104967.434109146,-1061685.15063063,9.0041618194337E-10,104967.434109146,-1061685.15063063,-84.353590786058
169.681179,92846.217750131,-1044380.92382807,8.98105855445611E-10,92846.217750131,-1044380.92382807,-84.9197194912314
172.936334,100495.998170361,-1021261.14934933,9.01149969742893E-10,100495.998170361,-1021261.14934933,-84.3799699958888
176.253936,97952.7818014404,-997012.799782177,9.05692087496781E-10,97952.7818014404,-997012.799782177,-84.3889108965775
179.635182,94670.8322399486,-978669.857558383,9.05300000900018E-10,94670.8322399486,-978669.857558383,-84.4747308403332
183.081294,98831.5312242109,-963483.432557154,9.02260421644359E-10,98831.5312242109,-963483.432557154,-84.1432380050842
186.593516,79298.5131177896,-949077.439700473,8.98714882178652E-10,79298.5131177896,-949077.439700473,-85.2238446276328
190.173116,90007.9951335364,-928261.471649924,9.01572557786299E-10,90007.9951335364,-928261.471649924,-84.4616827940073
193.821388,87350.0170857555,-920223.232139391,8.92329475678253E-10,87350.0170857555,-920223.232139391,-84.5775803827379
197.539647,88134.8069704747,-894311.237198574,9.00901210586234E-10,88134.8069704747,-894311.237198574,-84.3716473617049
201.329237,87449.4120023013,-872242.961709343,9.06307993174938E-10,87449.4120023013,-872242.961709343,-84.2747662678729
205.191527,79381.2463029793,-863748.121971066,8.97994325024299E-10,79381.2463029793,-863748.121971066,-84.7490828224906
209.127911,87426.3765288725,-846361.0527263,8.99192057804149E-10,87426.3765288725,-846361.0527263,-84.102446846933
213.139809,82125.4691945495,-835087.297798794,8.94177384556313E-10,82125.4691945495,-835087.297798794,-84.3833887633893
217.228673,80788.5919962559,-823857.452926456,8.89305355283774E-10,80788.5919962559,-823857.452926456,-84.3994033001609
221.395976,78911.6393079452,-804835.231054772,8.93189130859401E-10,78911.6393079452,-804835.231054772,-84.4002217637279
225.643225,72790.821900007,-791223.768161662,8.9145311838807E-10,72790.821900007,-791223.768161662,-84.7437117803515
229.971953,65771.9453586503,-781548.947948223,8.85501039642914E-10,65771.9453586503,-781548.947948223,-85.1895576487575
234.383723,65391.0042268958,-763417.901183418,8.8946803189602E-10,65391.0042268958,-763417.901183418,-85.1042465373516
238.880128,75322.4772813574,-750037.023104239,8.88295387679279E-10,75322.4772813574,-750037.023104239,-84.2652975696949
243.462792,66034.3257307757,-734179.506397855,8.90400255382009E-10,66034.3257307757,-734179.506397855,-84.8604736537165
248.13337,72042.9037740531,-720569.540300638,8.90141518075835E-10,72042.9037740531,-720569.540300638,-84.2905130033596
252.893547,65934.4185544196,-713269.866958598,8.82324841626769E-10,65934.4185544196,-713269.866958598,-84.7186072567697
257.745044,62588.2994870277,-698010.227457327,8.84642952930233E-10,62588.2994870277,-698010.227457327,-84.8761771452631
262.689611,63956.6130934736,-686787.373083478,8.82175378368915E-10,63956.6130934736,-686787.373083478,-84.6797130144499
267.729035,63221.5268770944,-676578.911049389,8.78630353108747E-10,63221.5268770944,-676578.911049389,-84.661615055567
272.865135,63662.1314920171,-660740.128083679,8.82757468709777E-10,63662.1314920171,-660740.128083679,-84.4965552726747
278.099766,62406.664698533,-650756.627808882,8.79429253969106E-10,62406.664698533,-650756.627808882,-84.5221650271827
283.434817,57964.0334731002,-638488.06654882,8.7945606703825E-10,57964.0334731002,-638488.06654882,-84.8127211849001
288.872216,55704.5635201385,-626336.05494753,8.79644002779346E-10,55704.5635201385,-626336.05494753,-84.9176468689105
294.413926,54944.2981588723,-616690.924108694,8.76585386151555E-10,54944.2981588723,-616690.924108694,-84.9086553286355
300.061947,54135.467298946,-604346.378137687,8.77653895892743E-10,54135.467298946,-604346.378137687,-84.8812841439708
305.81832,56117.6064145888,-594139.091080984,8.75928194982964E-10,56117.6064145888,-594139.091080984,-84.6043081754917
311.685123,55551.3667087278,-580784.463835418,8.7920281066661E-10,55551.3667087278,-580784.463835418,-84.5363458432986
317.664474,49936.4642740021,-576340.937850252,8.69304673651496E-10,49936.4642740021,-576340.937850252,-85.048033515044
323.758533,50184.3691683125,-563011.635234699,8.73135282578685E-10,50184.3691683125,-563011.635234699,-84.9063688372658
329.969499,51902.5462758756,-553152.678294528,8.71969541002733E-10,51902.5462758756,-553152.678294528,-84.6396075996855
336.299617,43953.6717042347,-543903.991354246,8.70104697059948E-10,43953.6717042347,-543903.991354246,-85.3798845730719
342.751172,47911.8465971079,-535292.228409476,8.67461572145312E-10,47911.8465971079,-535292.228409476,-84.8853154531671
349.326492,50511.3905047246,-525076.337017223,8.67693136365816E-10,50511.3905047246,-525076.337017223,-84.505158308391
356.027954,47983.6667346557,-515490.352531644,8.67192456352937E-10,47983.6667346557,-515490.352531644,-84.6820299647445
362.857975,43837.6764339366,-505347.384480701,8.67947460479703E-10,43837.6764339366,-505347.384480701,-85.042139573875
369.819024,46653.089023939,-496696.505408467,8.66442564441143E-10,46653.089023939,-496696.505408467,-84.6341362636058
376.913613,46064.7107998908,-489448.511121228,8.62722841785672E-10,46064.7107998908,-489448.511121228,-84.6234142522132
384.144304,43889.495815469,-481312.928621653,8.60791968464735E-10,43889.495815469,-481312.928621653,-84.7897773585015
391.513708,44683.7195533754,-470203.421714483,8.64544543058407E-10,44683.7195533754,-470203.421714483,-84.5714491804697
399.024487,40476.6448332134,-460253.520416739,8.66609538103763E-10,40476.6448332134,-460253.520416739,-84.9740968473972
406.679352,40120.9304788986,-453789.921772671,8.62408766159444E-10,40120.9304788986,-453789.921772671,-84.947445682481
414.481068,39142.5495929717,-444873.677138326,8.63134992352262E-10,39142.5495929717,-444873.677138326,-84.9717359128437
422.432451,38685.0604740488,-438300.579032396,8.59588930600356E-10,38685.0604740488,-438300.579032396,-84.9560598361942
430.536373,38644.8174998049,-428789.534417841,8.6211679741556E-10,38644.8174998049,-428789.534417841,-84.8501097934034
438.79576,38781.9297719521,-423463.482492625,8.5652835459451E-10,38781.9297719521,-423463.482492625,-84.7672947237399
447.213595,38454.5642596197,-414211.144728371,8.59178408489757E-10,38454.5642596197,-414211.144728371,-84.6959737093086
455.792918,37002.4915278256,-410045.365888489,8.5157058305702E-10,37002.4915278256,-410045.365888489,-84.8435955529848
464.536826,38659.3696492575,-399033.375639506,8.58599757082489E-10,38659.3696492575,-399033.375639506,-84.4663093357735
473.448476,37561.7649946573,-394559.760301764,8.51990235914629E-10,37561.7649946573,-394559.760301764,-84.5618777070728
482.531087,35442.5026942621,-386391.012755795,8.53626359298501E-10,35442.5026942621,-386391.012755795,-84.7590938137356
491.787938,36617.3115246285,-380418.41975599,8.50708401328127E-10,36617.3115246285,-380418.41975599,-84.501912528776
501.222372,32973.8328575764,-373201.716912439,8.50836379995026E-10,32973.8328575764,-373201.716912439,-84.9508050172021
510.837796,33709.1903722248,-366806.339155122,8.49376569580188E-10,33709.1903722248,-366806.339155122,-84.7493149573584
520.637682,35275.7609988087,-358801.824461603,8.51980963831294E-10,35275.7609988087,-358801.824461603,-84.3849849905904
530.625568,32605.767881889,-353970.167610705,8.47354807284661E-10,32605.767881889,-353970.167610705,-84.7370825689199
540.805062,32011.940007866,-345716.309710638,8.51254684925246E-10,32011.940007866,-345716.309710638,-84.7097264411641
551.179838,32276.5788186581,-341402.663740265,8.45784853642374E-10,32276.5788186581,-341402.663740265,-84.5992472440954
561.753643,31408.6736419383,-333824.776535734,8.4870286289179E-10,31408.6736419383,-333824.776535734,-84.6250177715016
572.530296,29332.9521250576,-329009.929150428,8.44914287780477E-10,29332.9521250576,-329009.929150428,-84.9052525569527
583.513687,30517.3013160142,-321668.385649437,8.47931374071288E-10,30517.3013160142,-321668.385649437,-84.5804596953013
594.707784,30440.9462537029,-316563.600296796,8.45386935816288E-10,30440.9462537029,-316563.600296796,-84.5072919295499
606.116627,28345.2625711359,-310879.214039435,8.44641174614535E-10,28345.2625711359,-310879.214039435,-84.7903054594461
617.744337,28574.9081832821,-305342.455297373,8.43770165591417E-10,28574.9081832821,-305342.455297373,-84.6536517290403
629.595112,29209.7990003214,-299766.137832642,8.43288565304183E-10,29209.7990003214,-299766.137832642,-84.4345572642407
641.673232,27201.3704713087,-293247.008051281,8.45809617689683E-10,27201.3704713087,-293247.008051281,-84.7004517419905
653.983058,28003.1144304164,-289123.120929023,8.41726132691508E-10,28003.1144304164,-289123.120929023,-84.4678544093243
666.529035,26755.0998840691,-284862.991158503,8.38233529578309E-10,26755.0998840691,-284862.991158503,-84.63436661771
679.315693,25656.0641587125,-278937.460531226,8.39927192085137E-10,25656.0641587125,-278937.460531226,-84.7448442739734
692.34765,25083.4405237016,-273806.53607877,8.39560694572964E-10,25083.4405237016,-273806.53607877,-84.7657387269213
705.629612,26798.7357419716,-269180.925161227,8.3791323911291E-10,26798.7357419716,-269180.925161227,-84.3145617910799
719.166373,24815.6950548709,-264226.960014675,8.37555570008442E-10,24815.6950548709,-264226.960014675,-84.6346273842083
732.962824,24437.1862472355,-259660.152086882,8.36243734374896E-10,24437.1862472355,-259660.152086882,-84.6236043447998
747.023944,24466.2659146731,-255517.94422009,8.33804442468998E-10,24466.2659146731,-255517.94422009,-84.5305090987584
761.354813,23581.2997362894,-250079.369249208,8.35901623675314E-10,23581.2997362894,-250079.369249208,-84.6132074857948
775.960604,23029.0257502407,-246556.010539383,8.31888010276936E-10,23029.0257502407,-246556.010539383,-84.6638944453941
790.846592,22854.8428208527,-241992.915661756,8.31620587209087E-10,22854.8428208527,-241992.915661756,-84.6047456772198
806.018152,22528.3909439543,-237186.312718221,8.32502766758226E-10,22528.3909439543,-237186.312718221,-84.5742190378336
821.480762,22484.5296293046,-232614.934397061,8.32885191300053E-10,22484.5296293046,-232614.934397061,-84.4789493249365
837.240007,21599.4226672863,-228766.173645872,8.30956617499898E-10,21599.4226672863,-228766.173645872,-84.6062922842534
853.301575,20448.4807826659,-225013.368001911,8.2891359808522E-10,20448.4807826659,-225013.368001911,-84.8074096158427
869.671269,21092.1932293837,-220810.577769241,8.28791207052386E-10,21092.1932293837,-220810.577769241,-84.5435673013416
886.354997,20735.7270062841,-216664.907813883,8.28750603710439E-10,20735.7270062841,-216664.907813883,-84.533207194538
903.358785,19854.3302358934,-213283.494452118,8.26042917013779E-10,19854.3302358934,-213283.494452118,-84.6817243266187
920.688773,19034.0692136208,-209500.687839368,8.25128962005548E-10,19034.0692136208,-209500.687839368,-84.8086762900643
938.351219,19262.8559974636,-206006.545399348,8.23329525170109E-10,19262.8559974636,-206006.545399348,-84.6580314436491
956.3525,19718.6975650985,-201877.47122438,8.24355003267273E-10,19718.6975650985,-201877.47122438,-84.4212420328297
974.699116,18936.1861258124,-197879.318819079,8.25180872897128E-10,18936.1861258124,-197879.318819079,-84.5336899068833
993.397694,17916.7648554182,-194283.169857136,8.24635075642114E-10,17916.7648554182,-194283.169857136,-84.731094532353
1012.454983,18286.3591800267,-191096.005129293,8.22607758441085E-10,18286.3591800267,-191096.005129293,-84.5338959404754
1031.877867,18077.1670410723,-187906.208785953,8.20825243358312E-10,18077.1670410723,-187906.208785953,-84.5048770814373
1051.673359,17558.244368625,-184370.08463732,8.20821652283013E-10,17558.244368625,-184370.08463732,-84.5599178299317
1071.848606,17077.775293053,-181243.850235719,8.19263119264674E-10,17077.775293053,-181243.850235719,-84.6171747372263
1092.410894,16886.4562223004,-177388.434366008,8.21313210868243E-10,16886.4562223004,-177388.434366008,-84.5621264146816
1113.367647,16732.31656139,-174432.110149345,8.19511589869493E-10,16732.31656139,-174432.110149345,-84.5206947394485
1134.726435,16074.1124798692,-171866.143485019,8.16091073017275E-10,16074.1124798692,-171866.143485019,-84.656844931331
1156.494968,16492.455229125,-168972.978327,8.1444005607237E-10,16492.455229125,-168972.978327,-84.4253547390353
1178.681107,16530.6710766398,-165683.078100747,8.14977567729825E-10,16530.6710766398,-165683.078100747,-84.3022936535844
1201.292864,15558.8386414488,-162309.254862533,8.16258939121678E-10,15558.8386414488,-162309.254862533,-84.5244020789889
1224.338404,15520.1999262926,-159516.430560284,8.1491673467928E-10,15520.1999262926,-159516.430560284,-84.4428808124074
1247.826048,15074.6985679835,-157055.024617031,8.12108861225308E-10,15074.6985679835,-157055.024617031,-84.5173435524584
1271.764278,15170.2109690639,-153912.007514107,8.13094468742314E-10,15170.2109690639,-153912.007514107,-84.3708702379399
1296.161738,14934.4726918209,-151133.816898821,8.12454940302287E-10,14934.4726918209,-151133.816898821,-84.3565686888407
1321.027238,14699.9640867467,-148545.348594996,8.11053125090992E-10,14699.9640867467,-148545.348594996,-84.3484424883592
1346.369756,13805.808115722,-146083.663603829,8.09196754722998E-10,13805.808115722,-146083.663603829,-84.6012298838777
1372.198443,14185.2808844313,-143355.586866385,8.0907463589391E-10,14185.2808844313,-143355.586866385,-84.3488807589991
1398.522627,14076.2326219328,-140947.998840417,8.07405530971783E-10,14076.2326219328,-140947.998840417,-84.2968798778559
1425.351812,13735.4748274313,-138680.833290917,8.05158935360326E-10,13735.4748274313,-138680.833290917,-84.3436565415195
1452.695687,13416.6365818817,-136111.170723174,8.04918140162159E-10,13416.6365818817,-136111.170723174,-84.3704739711857
1480.564126,13291.0310911447,-133839.414849595,8.03172592549514E-10,13291.0310911447,-133839.414849595,-84.3287900907882
1508.967191,13172.4010831887,-131503.314254097,8.02054049883654E-10,13172.4010831887,-131503.314254097,-84.2798865119758
1537.915139,13061.0711223399,-128960.46545295,8.0247436467461E-10,13061.0711223399,-128960.46545295,-84.216823339833
1567.418423,12672.6280655383,-126711.319658963,8.01345441240228E-10,12672.6280655383,-126711.319658963,-84.2887370614011
1597.487697,12425.7899358793,-124719.576721106,7.98818255401791E-10,12425.7899358793,-124719.576721106,-84.3104069502034
1628.133818,12327.2738637386,-122194.227742319,7.99980394180575E-10,12327.2738637386,-122194.227742319,-84.2393415370984
1659.367852,11931.3478238763,-120372.525997465,7.96801394437767E-10,11931.3478238763,-120372.525997465,-84.339321411672
1691.201079,11489.3270647216,-118196.939912801,7.96193543857174E-10,11489.3270647216,-118196.939912801,-84.4480096010749
1723.644993,11636.206153734,-115988.016531049,7.96084535871031E-10,11636.206153734,-115988.016531049,-84.2711133072397
1756.711309,11850.3969234971,-113814.898975067,7.96013837370685E-10,11850.3969234971,-113814.898975067,-84.0557872189093
1790.411967,11402.2068524185,-112079.102792704,7.93126597051332E-10,11402.2068524185,-112079.102792704,-84.1910812203316
1824.759137,10884.4569223635,-109742.888275217,7.94764021599603E-10,10884.4569223635,-109742.888275217,-84.3358466888547
1859.765222,10850.3229492604,-107796.932956443,7.93881360213513E-10,10850.3229492604,-107796.932956443,-84.2522401886282
1895.442861,10845.6025156272,-106033.936159015,7.91889439334628E-10,10845.6025156272,-106033.936159015,-84.1598538485088
1931.804939,10687.1693758818,-104216.678761203,7.90532321095665E-10,10687.1693758818,-104216.678761203,-84.144922596239
1968.864584,10632.1211179757,-102173.987303082,7.91159309588049E-10,10632.1211179757,-102173.987303082,-84.059240654989
2006.63518,10513.725549053,-100612.724924068,7.88313199424743E-10,10513.725549053,-100612.724924068,-84.0344153751944
2045.130365,9993.99879589841,-98772.5432648886,7.87885119640091E-10,9993.99879589841,-98772.5432648886,-84.2223643441822
2084.36404,9743.13602344982,-97163.5612740551,7.85856293054976E-10,9743.13602344982,-97163.5612740551,-84.2737719714556
2124.350371,9807.18919743292,-95127.7258104779,7.87565839462914E-10,9807.18919743292,-95127.7258104779,-84.1138887088387
2165.103798,9440.1542090215,-93742.1593452843,7.84163198388777E-10,9440.1542090215,-93742.1593452843,-84.2495068006863
2206.639037,9399.07177311003,-91922.9573826046,7.84629886854971E-10,9399.07177311003,-91922.9573826046,-84.1618276134938
2248.971086,9107.01291128233,-90515.8106219334,7.81829070389892E-10,9107.01291128233,-90515.8106219334,-84.2546684638917
2292.11523,8966.48316947185,-88815.2355440166,7.81800984298667E-10,8966.48316947185,-88815.2355440166,-84.2351462037356
2336.08705,8887.6153911839,-87203.9510171682,7.81258845330904E-10,8887.6153911839,-87203.9510171682,-84.1806463867501
2380.902422,8705.78174971339,-85787.5013867823,7.79209997279572E-10,8705.78174971339,-85787.5013867823,-84.2054173487642
2426.577531,8542.23576000841,-84082.423420415,7.80046943208841E-10,8542.23576000841,-84082.423420415,-84.1990188941183
2473.128868,8522.00148492593,-82867.2440540756,7.76587666941147E-10,8522.00148492593,-82867.2440540756,-84.1283887344819
2520.573244,8194.02509676185,-81340.4373056648,7.7627268867706E-10,8194.02509676185,-81340.4373056648,-84.2475776850143
2568.92779,8146.01743460949,-79853.6900905103,7.75841925873832E-10,8146.01743460949,-79853.6900905103,-84.1753042282122
2618.209967,8070.29500745835,-78393.0425839903,7.75422037088312E-10,8070.29500745835,-78393.0425839903,-84.1223014905816
2668.437571,7932.60209196157,-76980.2173184771,7.74789902401283E-10,7932.60209196157,-76980.2173184771,-84.1165918584576
2719.628739,7591.17583712701,-75783.9977994119,7.7220569129869E-10,7591.17583712701,-75783.9977994119,-84.279843440041
2771.801955,7954.00921847567,-74304.3720106432,7.72758101481186E-10,7954.00921847567,-74304.3720106432,-83.8899651639113
2824.97606,7617.72459099366,-73044.183642236,7.71293586636645E-10,7617.72459099366,-73044.183642236,-84.0461877835539
2879.170254,7350.92033562532,-71638.6268879019,7.71623652960219E-10,7350.92033562532,-71638.6268879019,-84.1413200986327
2934.404107,7378.64681374711,-70422.3442537264,7.7017555787229E-10,7378.64681374711,-70422.3442537264,-84.018541069328
2990.697562,7264.74092212675,-69280.5151103848,7.68133183103102E-10,7264.74092212675,-69280.5151103848,-84.013852467846
3048.070949,7106.05930651819,-68027.9300167402,7.67551992918228E-10,7106.05930651819,-68027.9300167402,-84.036626288123
3106.544984,7109.96134478057,-66959.0026696087,7.65126966153318E-10,7109.96134478057,-66959.0026696087,-83.9388282224788
3166.140781,6907.75827564543,-65666.711032966,7.65499030700886E-10,6907.75827564543,-65666.711032966,-83.9949007828645
3226.879862,6799.05596229652,-64508.4117560081,7.64576570568864E-10,6799.05596229652,-64508.4117560081,-83.9833543565324
3288.784157,6836.62064616303,-63373.5218125868,7.63619337031864E-10,6836.62064616303,-63373.5218125868,-83.8428465406136
3351.876022,6593.01853232952,-62379.2171251522,7.61188581679767E-10,6593.01853232952,-62379.2171251522,-83.9666623844588
3416.178237,6473.895419169,-61221.6362049177,7.60982514110297E-10,6473.895419169,-61221.6362049177,-83.9636779499993
3481.714023,6361.43948488998,-60069.6595726092,7.60977584428194E-10,6361.43948488998,-60069.6595726092,-83.9548489606375
3548.507044,6202.31729769998,-59130.0408130943,7.58518681070381E-10,6202.31729769998,-59130.0408130943,-84.0119805679216
3616.581419,6227.40161051529,-58008.4037754295,7.58631671689722E-10,6227.40161051529,-58008.4037754295,-83.8725682078868
3685.961729,6118.40953509265,-56934.9162312113,7.58386553129303E-10,6118.40953509265,-56934.9162312113,-83.8663498260973
3756.673027,5979.95913526712,-56011.018326605,7.56385624827231E-10,5979.95913526712,-56011.018326605,-83.9059590902073
3828.740847,5915.52128713763,-55053.7080847595,7.55053255314845E-10,5915.52128713763,-55053.7080847595,-83.867098372205
3902.191213,5700.10325302988,-53975.3569303831,7.55641953452366E-10,5700.10325302988,-53975.3569303831,-83.9715858032246
3977.050646,5556.1861589994,-53079.9139876606,7.53926136985336E-10,5556.1861589994,-53079.9139876606,-84.0242764523452
4053.346179,5633.99318055454,-52113.9924958107,7.53445926096811E-10,5633.99318055454,-52113.9924958107,-83.8297726920481
4131.105362,5435.15757622925,-51254.3795306618,7.5166249219821E-10,5435.15757622925,-51254.3795306618,-83.9468173488034
4210.356272,5459.55403677628,-50309.4132913481,7.51366853890294E-10,5459.55403677628,-50309.4132913481,-83.8065253421343
4291.127528,5205.87439556906,-49457.5172059931,7.49922526574268E-10,5205.87439556906,-49457.5172059931,-83.9912003386522
4373.448296,5210.12264247228,-48601.2949826609,7.48769755387382E-10,5210.12264247228,-48601.2949826609,-83.8811851842942
4457.348301,5098.56324011809,-47709.6108911701,7.48406732260474E-10,5098.56324011809,-47709.6108911701,-83.9001464060074
4542.857839,4982.97836206425,-46885.9522484846,7.47219581158361E-10,4982.97836206425,-46885.9522484846,-83.9334511537793
4630.007788,4965.25013379094,-46073.3586353721,7.46085393551885E-10,4965.25013379094,-46073.3586353721,-83.8490670601178
4718.829616,4824.05441425817,-45278.3041676433,7.44896069299238E-10,4824.05441425817,-45278.3041676433,-83.9185177760363
4809.355399,4729.05720027687,-44457.6776840112,7.44365930326895E-10,4729.05720027687,-44457.6776840112,-83.928159077174
4901.617823,4650.4926348476,-43656.0815916467,7.43765334247469E-10,4650.4926348476,-43656.0815916467,-83.9194605134958
4995.650204,4705.34054200224,-42928.1667346835,7.42139877257428E-10,4705.34054200224,-42928.1667346835,-83.7448015088051
5091.486498,4579.14060955612,-42186.9648200335,7.40964249612107E-10,4579.14060955612,-42186.9648200335,-83.805141552573
5189.161311,4464.52775121961,-41407.7675768541,7.40697950977954E-10,4464.52775121961,-41407.7675768541,-83.8462210752905
5288.709912,4379.08494903294,-40688.2109242401,7.39608325186321E-10,4379.08494903294,-40688.2109242401,-83.8571639831357
5390.168248,4295.30044914412,-39980.1878677559,7.38538227376147E-10,4295.30044914412,-39980.1878677559,-83.8679073274808
5493.572956,4234.51398154085,-39312.6104108339,7.36942074720068E-10,4234.51398154085,-39312.6104108339,-83.8521522501837
5598.961374,4234.56462011709,-38593.7161685748,7.36539532243977E-10,4234.56462011709,-38593.7161685748,-83.7384619432974
5706.371558,4093.14668498823,-37977.7096143707,7.34397713072728E-10,4093.14668498823,-37977.7096143707,-83.8485430901679
5815.842293,4023.26618049482,-37302.3889071526,7.33619496736308E-10,4023.26618049482,-37302.3889071526,-83.8441339370516
5927.41311,3937.28101720867,-36633.978890914,7.32944085147055E-10,3937.28101720867,-36633.978890914,-83.8656144534635
6041.124295,3933.78931218388,-35909.1381956148,7.33664284875963E-10,3933.78931218388,-35909.1381956148,-83.7482671277245
6157.01691,3824.03697500496,-35354.3898261004,7.31149923731278E-10,3824.03697500496,-35354.3898261004,-83.8267160090614
6275.132802,3786.86159129465,-34743.7820075489,7.29995392245635E-10,3786.86159129465,-34743.7820075489,-83.7796617335165
6395.514624,3714.26533650921,-34164.6014727404,7.28397214353004E-10,3714.26533650921,-34164.6014727404,-83.7953559090818
6518.205844,3699.15707543267,-33462.2120742776,7.29688350894883E-10,3699.15707543267,-33462.2120742776,-83.6917204768538
6643.250766,3614.23592161866,-32906.465268653,7.28045046603824E-10,3614.23592161866,-32906.465268653,-83.7321210658436
6770.694544,3524.19849494832,-32303.7148812208,7.27669952205873E-10,3524.19849494832,-32303.7148812208,-83.7738959713744
6900.583196,3502.51215860016,-31779.8423637786,7.25742567339488E-10,3502.51215860016,-31779.8423637786,-83.7107142435408
7032.963626,3476.29043831352,-31214.0754069753,7.24988779528604E-10,3476.29043831352,-31214.0754069753,-83.6451946514485
7167.883635,3348.58106486451,-30695.3793950095,7.2336281493523E-10,3348.58106486451,-30695.3793950095,-83.7741815943252
7305.391942,3312.10347038804,-30130.7887023236,7.23046304031054E-10,3312.10347038804,-30130.7887023236,-83.7269914656583
7445.538201,3274.19764908335,-29641.2848513671,7.21152329094938E-10,3274.19764908335,-29641.2848513671,-83.6966211285266
7588.373019,3226.56068836666,-29102.375736076,7.20680907780594E-10,3226.56068836666,-29102.375736076,-83.6734931248996
7733.947973,3111.17042968418,-28553.7733192121,7.2070142039018E-10,3111.17042968418,-28553.7733192121,-83.7816799624176
7882.315629,3079.40669070901,-28066.2345874964,7.19419424297729E-10,3079.40669070901,-28066.2345874964,-83.7385945028203
8033.529563,3022.32849690553,-27592.4476065301,7.17998453583383E-10,3022.32849690553,-27592.4476065301,-83.749047891112
8187.644376,2967.66008176724,-27127.6289100449,7.16554659759874E-10,2967.66008176724,-27127.6289100449,-83.7568841668797
8344.715721,2902.82131902503,-26627.9596757204,7.1625999419199E-10,2902.82131902503,-26627.9596757204,-83.778523750396
8504.800314,2900.07399168424,-26181.618438504,7.14758816650275E-10,2900.07399168424,-26181.618438504,-83.67925296526
8667.955961,2825.10578879264,-25684.258059226,7.14885372159519E-10,2825.10578879264,-25684.258059226,-83.7230598930215
8834.241578,2805.95406354223,-25270.3666204048,7.12917569507748E-10,2805.95406354223,-25270.3666204048,-83.6639840231805
9003.717209,2724.32930112504,-24824.4515382454,7.12063333999151E-10,2724.32930112504,-24824.4515382454,-83.7372063816928
9176.444052,2667.97438813775,-24385.3869873193,7.11239811961728E-10,2667.97438813775,-24385.3869873193,-83.7561755304934
9352.484478,2649.73742842642,-23975.7570070805,7.09775177765371E-10,2649.73742842642,-23975.7570070805,-83.6934148602714
9531.902055,2592.35442467452,-23539.5653274791,7.09319862921251E-10,2592.35442467452,-23539.5653274791,-83.7154814645097
9714.761568,2580.99109290837,-23121.8569425295,7.08541472835897E-10,2580.99109290837,-23121.8569425295,-83.6306914974699
9901.12905,2518.78714625032,-22711.8304100403,7.07755534133873E-10,2518.78714625032,-22711.8304100403,-83.6716442702437
10091.071795,2480.0945638019,-22318.5308758823,7.06670939165315E-10,2480.0945638019,-22318.5308758823,-83.6591545062817
10284.658392,2435.86992238285,-21925.5013625674,7.05798494385676E-10,2435.86992238285,-21925.5013625674,-83.660574642256
10481.958744,2396.63373920826,-21567.8330440131,7.03997590301303E-10,2396.63373920826,-21567.8330440131,-83.6592628388054
10683.044096,2356.23931100818,-21172.6328557775,7.0363955281861E-10,2356.23931100818,-21172.6328557775,-83.6498522683774
10887.987059,2319.00775919963,-20794.0116669838,7.02965890087811E-10,2319.00775919963,-20794.0116669838,-83.6365052439987
11096.861637,2254.3637650521,-20431.7959737797,7.01961700609028E-10,2254.3637650521,-20431.7959737797,-83.7036778651858
11309.743254,2234.44050653201,-20079.7164958138,7.00825360216404E-10,2234.44050653201,-20079.7164958138,-83.6503353465358
11526.708781,2209.37697853897,-19735.408583096,6.99630426832347E-10,2209.37697853897,-19735.408583096,-83.6123397691594
11747.836564,2157.78416248425,-19387.9554223229,6.98763518791769E-10,2157.78416248425,-19387.9554223229,-83.6493960389061
11973.20645,2126.26870110473,-19039.1779047309,6.9817045850953E-10,2126.26870110473,-19039.1779047309,-83.6276921569638
12202.89982,2075.16193336389,-18718.6469763611,6.96759071744057E-10,2075.16193336389,-18718.6469763611,-83.6739823029601
12436.999616,2028.98865586298,-18388.9781022792,6.95900125926974E-10,2028.98865586298,-18388.9781022792,-83.7036121254639
12675.590371,2016.49278026586,-18061.2881231571,6.95189517522076E-10,2016.49278026586,-18061.2881231571,-83.6294673223708
12918.758238,1983.20077280582,-17740.9858641679,6.94419025288761E-10,1983.20077280582,-17740.9858641679,-83.6215922732502
13166.591025,1929.54076966509,-17429.4569110475,6.93526292994263E-10,1929.54076966509,-17429.4569110475,-83.6827525878139
13419.178223,1905.54914886532,-17123.117869637,6.9264605422161E-10,1905.54914886532,-17123.117869637,-83.6499570051355
13676.611041,1864.70131278576,-16826.881393294,6.91572956609164E-10,1864.70131278576,-16826.881393294,-83.6764653849049
13938.982437,1830.83617511369,-16532.2284387759,6.90649438586137E-10,1830.83617511369,-16532.2284387759,-83.680617074042
14206.387151,1804.88130529146,-16251.5601901871,6.89352611416161E-10,1804.88130529146,-16251.5601901871,-83.6627601061998
14478.921744,1775.6643217165,-15951.4199996237,6.89103666533468E-10,1775.6643217165,-15951.4199996237,-83.648155453192
14756.684627,1753.81100106122,-15679.0630670159,6.8787769732985E-10,1753.81100106122,-15679.0630670159,-83.6176036673056
15039.776098,1724.76843185621,-15404.5889566867,6.86955565446623E-10,1724.76843185621,-15404.5889566867,-83.611508603518
15328.298381,1696.18358730323,-15145.7509243413,6.85544065037606E-10,1696.18358730323,-15145.7509243413,-83.6100296678579
15622.355661,1660.97938313574,-14869.469427842,6.85138130860944E-10,1660.97938313574,-14869.469427842,-83.6262540313622
15922.054121,1624.16102748615,-14610.9865766989,6.84134503464921E-10,1624.16102748615,-14610.9865766989,-83.657026738935
16227.50198,1588.48772284835,-14357.8942330473,6.8308965942115E-10,1588.48772284835,-14357.8942330473,-83.6867478882615
16538.809534,1581.05372574894,-14107.1192835978,6.82146330603717E-10,1581.05372574894,-14107.1192835978,-83.6052674635314
16856.089197,1548.41254871489,-13860.1415073158,6.8123295118999E-10,1548.41254871489,-13860.1415073158,-83.625522607564
17179.455537,1515.50400606782,-13620.6064620872,6.80165016550596E-10,1515.50400606782,-13620.6064620872,-83.6510687106397
17509.025319,1499.81065838033,-13382.3151592503,6.79245715089215E-10,1499.81065838033,-13382.3151592503,-83.6053128371717
17844.917551,1473.53790946577,-13142.932966365,6.78599121486442E-10,1473.53790946577,-13142.932966365,-83.6029199727815
18187.253522,1444.80223617496,-12917.8167323122,6.77429168034782E-10,1444.80223617496,-12917.8167323122,-83.6182361307478
18536.156849,1408.56654593774,-12692.0469310181,6.76501504262125E-10,1408.56654593774,-12692.0469310181,-83.6672146931761
18891.753519,1395.93757126151,-12467.8481212599,6.75703794435205E-10,1395.93757126151,-12467.8481212599,-83.6115988645232
19254.171937,1368.65786081288,-12251.8910653442,6.74671180745201E-10,1368.65786081288,-12251.8910653442,-83.62591925243
19623.542971,1344.20798661141,-12037.5415857223,6.73759513508865E-10,1344.20798661141,-12037.5415857223,-83.6282928890402
20000,1318.53097557996,-11823.2543387182,6.73058950320906E-10,1318.53097557996,-11823.2543387182,-83.6366594827936

